country_code,nuts1_name,nuts1_code,nuts2_name,nuts2_code,nuts3_name,nuts3_code,lau1_name,lau1_code,lau2_name,lau2_code,population,territory,density
LT,Lithuania,LT0,Lithuania,LT00,Alytaus apskritis,LT001,Alytaus miesto savivaldybė,11,Alytaus miesto savivaldybė,LT001_11,52792,39.43,1338.87
LT,Lithuania,LT0,Lithuania,LT00,Alytaus apskritis,LT001,Druskininkų savivaldybė,15,Druskininkų savivaldybė,LT001_15,20041,453.01,44.23
LT,Lithuania,LT0,Lithuania,LT00,Alytaus apskritis,LT001,Alytaus rajono savivaldybė,33,Alytaus seniūnija,LT001_3301,4647,208.37,22.3
LT,Lithuania,LT0,Lithuania,LT00,Alytaus apskritis,LT001,Alytaus rajono savivaldybė,33,Alovės seniūnija,LT001_3302,9581,167.6,57.17
LT,Lithuania,LT0,Lithuania,LT00,Alytaus apskritis,LT001,Alytaus rajono savivaldybė,33,Butrimonių seniūnija,LT001_3310,2361,109.74,21.51
LT,Lithuania,LT0,Lithuania,LT00,Alytaus apskritis,LT001,Alytaus rajono savivaldybė,33,Daugų seniūnija,LT001_3317,3730,239.64,15.57
LT,Lithuania,LT0,Lithuania,LT00,Alytaus apskritis,LT001,Alytaus rajono savivaldybė,33,Krokialaukio seniūnija,LT001_3330,2461,154.58,15.92
LT,Lithuania,LT0,Lithuania,LT00,Alytaus apskritis,LT001,Alytaus rajono savivaldybė,33,Miroslavo seniūnija,LT001_3338,2968,225.48,13.16
LT,Lithuania,LT0,Lithuania,LT00,Alytaus apskritis,LT001,Alytaus rajono savivaldybė,33,Nemunaičio seniūnija,LT001_3342,1137,107.63,10.56
LT,Lithuania,LT0,Lithuania,LT00,Alytaus apskritis,LT001,Alytaus rajono savivaldybė,33,Pivašiūnų seniūnija,LT001_3348,2329,175.21,13.29
LT,Lithuania,LT0,Lithuania,LT00,Alytaus apskritis,LT001,Alytaus rajono savivaldybė,33,Punios seniūnija,LT001_3353,2293,129.15,17.75
LT,Lithuania,LT0,Lithuania,LT00,Alytaus apskritis,LT001,Alytaus rajono savivaldybė,33,Raitininkų seniūnija,LT001_3359,1359,154.3,8.81
LT,Lithuania,LT0,Lithuania,LT00,Alytaus apskritis,LT001,Alytaus rajono savivaldybė,33,Simno seniūnija,LT001_3380,3553,269.45,13.19
LT,Lithuania,LT0,Lithuania,LT00,Alytaus apskritis,LT001,Varėnos rajono savivaldybė,38,Valkininkų seniūnija,LT001_3805,3395,256.2,13.25
LT,Lithuania,LT0,Lithuania,LT00,Alytaus apskritis,LT001,Varėnos rajono savivaldybė,38,Varėnos seniūnija,LT001_3808,10281,472.26,21.77
LT,Lithuania,LT0,Lithuania,LT00,Alytaus apskritis,LT001,Varėnos rajono savivaldybė,38,Vydenių seniūnija,LT001_3813,1975,192.94,10.24
LT,Lithuania,LT0,Lithuania,LT00,Alytaus apskritis,LT001,Varėnos rajono savivaldybė,38,Kaniavos seniūnija,LT001_3826,1835,362.38,5.06
LT,Lithuania,LT0,Lithuania,LT00,Alytaus apskritis,LT001,Varėnos rajono savivaldybė,38,Marcinkonių seniūnija,LT001_3838,3407,815.26,4.18
LT,Lithuania,LT0,Lithuania,LT00,Alytaus apskritis,LT001,Varėnos rajono savivaldybė,38,Matuizų seniūnija,LT001_3842,2152,205.97,10.45
LT,Lithuania,LT0,Lithuania,LT00,Alytaus apskritis,LT001,Varėnos rajono savivaldybė,38,Merkinės seniūnija,LT001_3847,4482,536.19,8.36
LT,Lithuania,LT0,Lithuania,LT00,Alytaus apskritis,LT001,Varėnos rajono savivaldybė,38,Jakėnų seniūnija,LT001_3879,1776,206.81,8.59
LT,Lithuania,LT0,Lithuania,LT00,Alytaus apskritis,LT001,Lazdijų rajono savivaldybė,59,Lazdijų miesto seniūnija,LT001_5901,2496,5.07,492.38
LT,Lithuania,LT0,Lithuania,LT00,Alytaus apskritis,LT001,Lazdijų rajono savivaldybė,59,Veisiejų miesto seniūnija,LT001_5904,459,2.79,164.67
LT,Lithuania,LT0,Lithuania,LT00,Alytaus apskritis,LT001,Lazdijų rajono savivaldybė,59,Būdviečio seniūnija,LT001_5908,1297,102.56,12.65
LT,Lithuania,LT0,Lithuania,LT00,Alytaus apskritis,LT001,Lazdijų rajono savivaldybė,59,Veisiejų seniūnija,LT001_5913,4130,307.47,13.43
LT,Lithuania,LT0,Lithuania,LT00,Alytaus apskritis,LT001,Lazdijų rajono savivaldybė,59,Kapčiamiesčio seniūnija,LT001_5925,1930,336.99,5.73
LT,Lithuania,LT0,Lithuania,LT00,Alytaus apskritis,LT001,Lazdijų rajono savivaldybė,59,Krosnos seniūnija,LT001_5930,1181,59.85,19.73
LT,Lithuania,LT0,Lithuania,LT00,Alytaus apskritis,LT001,Lazdijų rajono savivaldybė,59,Kučiūnų seniūnija,LT001_5937,800,88.67,9.02
LT,Lithuania,LT0,Lithuania,LT00,Alytaus apskritis,LT001,Lazdijų rajono savivaldybė,59,Lazdijų seniūnija,LT001_5940,3750,204.49,18.34
LT,Lithuania,LT0,Lithuania,LT00,Alytaus apskritis,LT001,Lazdijų rajono savivaldybė,59,Noragėlių seniūnija,LT001_5950,1118,87.03,12.85
LT,Lithuania,LT0,Lithuania,LT00,Alytaus apskritis,LT001,Lazdijų rajono savivaldybė,59,Seirijų seniūnija,LT001_5969,2583,206.1,12.53
LT,Lithuania,LT0,Lithuania,LT00,Alytaus apskritis,LT001,Lazdijų rajono savivaldybė,59,Teizų seniūnija,LT001_5974,1393,137.64,10.12
LT,Lithuania,LT0,Lithuania,LT00,Alytaus apskritis,LT001,Lazdijų rajono savivaldybė,59,Šventežerio seniūnija,LT001_5979,787,73.21,10.75
LT,Lithuania,LT0,Lithuania,LT00,Alytaus apskritis,LT001,Lazdijų rajono savivaldybė,59,Šlavantų seniūnija,LT001_5984,789,70.44,11.2
LT,Lithuania,LT0,Lithuania,LT00,Alytaus apskritis,LT001,Lazdijų rajono savivaldybė,59,Šeštokų seniūnija,LT001_5990,2445,116.95,20.91
LT,Lithuania,LT0,Lithuania,LT00,Kauno apskritis,LT002,Birštono savivaldybė,12,Birštono savivaldybė,LT002_12,4254,121.71,34.95
LT,Lithuania,LT0,Lithuania,LT00,Kauno apskritis,LT002,Kauno miesto savivaldybė,19,Centro seniūnija,LT002_1901,22176,6.53,3394.34
LT,Lithuania,LT0,Lithuania,LT00,Kauno apskritis,LT002,Kauno miesto savivaldybė,19,Žaliakalnio seniūnija,LT002_1902,32892,10.2,3225.32
LT,Lithuania,LT0,Lithuania,LT00,Kauno apskritis,LT002,Kauno miesto savivaldybė,19,Šančių seniūnija,LT002_1903,24371,10.09,2415.59
LT,Lithuania,LT0,Lithuania,LT00,Kauno apskritis,LT002,Kauno miesto savivaldybė,19,Dainavos seniūnija,LT002_1904,18645,7.61,2450.69
LT,Lithuania,LT0,Lithuania,LT00,Kauno apskritis,LT002,Kauno miesto savivaldybė,19,Gričiupio seniūnija,LT002_1905,15279,5.07,3012.4
LT,Lithuania,LT0,Lithuania,LT00,Kauno apskritis,LT002,Kauno miesto savivaldybė,19,Petrašiūnų seniūnija,LT002_1906,28661,39.79,720.33
LT,Lithuania,LT0,Lithuania,LT00,Kauno apskritis,LT002,Kauno miesto savivaldybė,19,Panemunės seniūnija,LT002_1907,36438,34.64,1051.91
LT,Lithuania,LT0,Lithuania,LT00,Kauno apskritis,LT002,Kauno miesto savivaldybė,19,Aleksoto seniūnija,LT002_1908,58060,34.19,1697.96
LT,Lithuania,LT0,Lithuania,LT00,Kauno apskritis,LT002,Kauno miesto savivaldybė,19,Eigulių seniūnija,LT002_1909,32405,17.99,1801.7
LT,Lithuania,LT0,Lithuania,LT00,Kauno apskritis,LT002,Kauno miesto savivaldybė,19,Vilijampolės seniūnija,LT002_1910,37504,19.87,1887.88
LT,Lithuania,LT0,Lithuania,LT00,Kauno apskritis,LT002,Kauno miesto savivaldybė,19,Šilainių seniūnija,LT002_1911,52535,33.8,1554.14
LT,Lithuania,LT0,Lithuania,LT00,Kauno apskritis,LT002,Jonavos rajono savivaldybė,46,Jonavos miesto seniūnija,LT002_4601,13053,17.77,734.43
LT,Lithuania,LT0,Lithuania,LT00,Kauno apskritis,LT002,Jonavos rajono savivaldybė,46,Bukonių seniūnija,LT002_4607,3034,142.08,21.35
LT,Lithuania,LT0,Lithuania,LT00,Kauno apskritis,LT002,Jonavos rajono savivaldybė,46,Dumsių seniūnija,LT002_4613,6036,144.08,41.89
LT,Lithuania,LT0,Lithuania,LT00,Kauno apskritis,LT002,Jonavos rajono savivaldybė,46,Ruklos seniūnija,LT002_4620,3815,107.74,35.41
LT,Lithuania,LT0,Lithuania,LT00,Kauno apskritis,LT002,Jonavos rajono savivaldybė,46,Žeimių seniūnija,LT002_4624,4374,229.92,19.02
LT,Lithuania,LT0,Lithuania,LT00,Kauno apskritis,LT002,Jonavos rajono savivaldybė,46,Kulvos seniūnija,LT002_4635,8467,151.86,55.76
LT,Lithuania,LT0,Lithuania,LT00,Kauno apskritis,LT002,Jonavos rajono savivaldybė,46,Upninkų seniūnija,LT002_4657,2049,245.63,8.34
LT,Lithuania,LT0,Lithuania,LT00,Kauno apskritis,LT002,Jonavos rajono savivaldybė,46,Užusalių seniūnija,LT002_4668,5178,94.81,54.61
LT,Lithuania,LT0,Lithuania,LT00,Kauno apskritis,LT002,Jonavos rajono savivaldybė,46,Šilų seniūnija,LT002_4677,4337,198.65,21.83
LT,Lithuania,LT0,Lithuania,LT00,Kauno apskritis,LT002,Kaišiadorių rajono savivaldybė,49,Žąslių seniūnija,LT002_4909,3477,155.31,22.39
LT,Lithuania,LT0,Lithuania,LT00,Kauno apskritis,LT002,Kaišiadorių rajono savivaldybė,49,Žiežmarių apylinkės seniūnija,LT002_4913,7059,263.11,26.83
LT,Lithuania,LT0,Lithuania,LT00,Kauno apskritis,LT002,Kaišiadorių rajono savivaldybė,49,Žiežmarių seniūnija,LT002_4915,1862,3.47,536.36
LT,Lithuania,LT0,Lithuania,LT00,Kauno apskritis,LT002,Kaišiadorių rajono savivaldybė,49,Kaišiadorių miesto seniūnija,LT002_4917,3548,14.22,249.59
LT,Lithuania,LT0,Lithuania,LT00,Kauno apskritis,LT002,Kaišiadorių rajono savivaldybė,49,Kaišiadorių apylinkės seniūnija,LT002_4921,2506,81.67,30.69
LT,Lithuania,LT0,Lithuania,LT00,Kauno apskritis,LT002,Kaišiadorių rajono savivaldybė,49,Kruonio seniūnija,LT002_4937,5347,312.77,17.1
LT,Lithuania,LT0,Lithuania,LT00,Kauno apskritis,LT002,Kaišiadorių rajono savivaldybė,49,Nemaitonių seniūnija,LT002_4940,978,84.32,11.6
LT,Lithuania,LT0,Lithuania,LT00,Kauno apskritis,LT002,Kaišiadorių rajono savivaldybė,49,Palomenės seniūnija,LT002_4942,2513,279.97,8.98
LT,Lithuania,LT0,Lithuania,LT00,Kauno apskritis,LT002,Kaišiadorių rajono savivaldybė,49,Paparčių seniūnija,LT002_4946,1446,107.21,13.49
LT,Lithuania,LT0,Lithuania,LT00,Kauno apskritis,LT002,Kaišiadorių rajono savivaldybė,49,Rumšiškių seniūnija,LT002_4952,6460,201.6,32.04
LT,Lithuania,LT0,Lithuania,LT00,Kauno apskritis,LT002,Kaišiadorių rajono savivaldybė,49,Pravieniškių seniūnija,LT002_4953,735,62.6,11.74
LT,Lithuania,LT0,Lithuania,LT00,Kauno apskritis,LT002,Kauno rajono savivaldybė,52,Alšėnų seniūnija,LT002_5203,5348,120.28,44.46
LT,Lithuania,LT0,Lithuania,LT00,Kauno apskritis,LT002,Kauno rajono savivaldybė,52,Babtų seniūnija,LT002_5207,4987,273.11,18.26
LT,Lithuania,LT0,Lithuania,LT00,Kauno apskritis,LT002,Kauno rajono savivaldybė,52,Ežerėlio seniūnija,LT002_5209,693,3.43,201.95
LT,Lithuania,LT0,Lithuania,LT00,Kauno apskritis,LT002,Kauno rajono savivaldybė,52,Batniavos seniūnija,LT002_5210,1200,62.25,19.28
LT,Lithuania,LT0,Lithuania,LT00,Kauno apskritis,LT002,Kauno rajono savivaldybė,52,Vandžiogalos seniūnija,LT002_5215,1788,197.26,9.06
LT,Lithuania,LT0,Lithuania,LT00,Kauno apskritis,LT002,Kauno rajono savivaldybė,52,Vilkijos apylinkių seniūnija,LT002_5218,3238,176.91,18.3
LT,Lithuania,LT0,Lithuania,LT00,Kauno apskritis,LT002,Kauno rajono savivaldybė,52,Vilkijos seniūnija,LT002_5219,1419,4.32,328.77
LT,Lithuania,LT0,Lithuania,LT00,Kauno apskritis,LT002,Kauno rajono savivaldybė,52,Garliavos apylinkių seniūnija,LT002_5221,5341,115.43,46.27
LT,Lithuania,LT0,Lithuania,LT00,Kauno apskritis,LT002,Kauno rajono savivaldybė,52,Garliavos seniūnija,LT002_5223,4451,5.29,841.16
LT,Lithuania,LT0,Lithuania,LT00,Kauno apskritis,LT002,Kauno rajono savivaldybė,52,Domeikavos seniūnija,LT002_5226,7809,62.9,124.14
LT,Lithuania,LT0,Lithuania,LT00,Kauno apskritis,LT002,Kauno rajono savivaldybė,52,Zapyškio seniūnija,LT002_5229,3962,249.51,15.88
LT,Lithuania,LT0,Lithuania,LT00,Kauno apskritis,LT002,Kauno rajono savivaldybė,52,Karmėlavos seniūnija,LT002_5233,6971,61.5,113.36
LT,Lithuania,LT0,Lithuania,LT00,Kauno apskritis,LT002,Kauno rajono savivaldybė,52,Kačerginės seniūnija,LT002_5236,134,1.96,68.25
LT,Lithuania,LT0,Lithuania,LT00,Kauno apskritis,LT002,Kauno rajono savivaldybė,52,Kulautuvos seniūnija,LT002_5241,568,3.92,144.72
LT,Lithuania,LT0,Lithuania,LT00,Kauno apskritis,LT002,Kauno rajono savivaldybė,52,Linksmakalnio seniūnija,LT002_5243,588,3.87,151.96
LT,Lithuania,LT0,Lithuania,LT00,Kauno apskritis,LT002,Kauno rajono savivaldybė,52,Ringaudų seniūnija,LT002_5245,5840,81.83,71.36
LT,Lithuania,LT0,Lithuania,LT00,Kauno apskritis,LT002,Kauno rajono savivaldybė,52,Neveronių seniūnija,LT002_5247,3652,14.05,259.93
LT,Lithuania,LT0,Lithuania,LT00,Kauno apskritis,LT002,Kauno rajono savivaldybė,52,Lapių seniūnija,LT002_5257,5630,81.27,69.28
LT,Lithuania,LT0,Lithuania,LT00,Kauno apskritis,LT002,Kauno rajono savivaldybė,52,Raudondvario seniūnija,LT002_5259,5909,108.33,54.54
LT,Lithuania,LT0,Lithuania,LT00,Kauno apskritis,LT002,Kauno rajono savivaldybė,52,Rokų seniūnija,LT002_5262,1155,74.1,15.59
LT,Lithuania,LT0,Lithuania,LT00,Kauno apskritis,LT002,Kauno rajono savivaldybė,52,Samylų seniūnija,LT002_5267,8061,67.57,119.3
LT,Lithuania,LT0,Lithuania,LT00,Kauno apskritis,LT002,Kauno rajono savivaldybė,52,Taurakiemio seniūnija,LT002_5272,2313,103.22,22.41
LT,Lithuania,LT0,Lithuania,LT00,Kauno apskritis,LT002,Kauno rajono savivaldybė,52,Užliedžių seniūnija,LT002_5277,3421,57.77,59.22
LT,Lithuania,LT0,Lithuania,LT00,Kauno apskritis,LT002,Kauno rajono savivaldybė,52,Čekiškės seniūnija,LT002_5282,2297,120.64,19.04
LT,Lithuania,LT0,Lithuania,LT00,Kauno apskritis,LT002,Kauno rajono savivaldybė,52,Akademijos seniūnija,LT002_5290,0,1.05,0
LT,Lithuania,LT0,Lithuania,LT00,Kauno apskritis,LT002,Kėdainių rajono savivaldybė,53,Kėdainių miesto seniūnija,LT002_5301,18698,129.97,143.86
LT,Lithuania,LT0,Lithuania,LT00,Kauno apskritis,LT002,Kėdainių rajono savivaldybė,53,Vilainių seniūnija,LT002_5302,6593,278.78,23.65
LT,Lithuania,LT0,Lithuania,LT00,Kauno apskritis,LT002,Kėdainių rajono savivaldybė,53,Gudžiūnų seniūnija,LT002_5305,1402,160.05,8.76
LT,Lithuania,LT0,Lithuania,LT00,Kauno apskritis,LT002,Kėdainių rajono savivaldybė,53,Dotnuvos seniūnija,LT002_5313,6702,207.37,32.32
LT,Lithuania,LT0,Lithuania,LT00,Kauno apskritis,LT002,Kėdainių rajono savivaldybė,53,Josvainių seniūnija,LT002_5317,4411,296.03,14.9
LT,Lithuania,LT0,Lithuania,LT00,Kauno apskritis,LT002,Kėdainių rajono savivaldybė,53,Krakių seniūnija,LT002_5325,5703,331.21,17.22
LT,Lithuania,LT0,Lithuania,LT00,Kauno apskritis,LT002,Kėdainių rajono savivaldybė,53,Pelėdnagių seniūnija,LT002_5349,6467,255.49,25.31
LT,Lithuania,LT0,Lithuania,LT00,Kauno apskritis,LT002,Kėdainių rajono savivaldybė,53,Pernaravos seniūnija,LT002_5352,2094,168.26,12.45
LT,Lithuania,LT0,Lithuania,LT00,Kauno apskritis,LT002,Kėdainių rajono savivaldybė,53,Surviliškio seniūnija,LT002_5355,2175,142.32,15.28
LT,Lithuania,LT0,Lithuania,LT00,Kauno apskritis,LT002,Kėdainių rajono savivaldybė,53,Truskavos seniūnija,LT002_5370,2052,193.79,10.59
LT,Lithuania,LT0,Lithuania,LT00,Kauno apskritis,LT002,Kėdainių rajono savivaldybė,53,Šėtos seniūnija,LT002_5377,3758,209.61,17.93
LT,Lithuania,LT0,Lithuania,LT00,Kauno apskritis,LT002,Prienų rajono savivaldybė,69,Prienų seniūnija,LT002_6901,5521,12.23,451.5
LT,Lithuania,LT0,Lithuania,LT00,Kauno apskritis,LT002,Prienų rajono savivaldybė,69,Ašmintos seniūnija,LT002_6904,2201,139.35,15.79
LT,Lithuania,LT0,Lithuania,LT00,Kauno apskritis,LT002,Prienų rajono savivaldybė,69,Balbieriškio seniūnija,LT002_6908,3648,219.34,16.63
LT,Lithuania,LT0,Lithuania,LT00,Kauno apskritis,LT002,Prienų rajono savivaldybė,69,Veiverių seniūnija,LT002_6925,5994,193.04,31.05
LT,Lithuania,LT0,Lithuania,LT00,Kauno apskritis,LT002,Prienų rajono savivaldybė,69,Jiezno seniūnija,LT002_6930,4355,192.77,22.59
LT,Lithuania,LT0,Lithuania,LT00,Kauno apskritis,LT002,Prienų rajono savivaldybė,69,Išlaužo seniūnija,LT002_6935,2111,80.49,26.23
LT,Lithuania,LT0,Lithuania,LT00,Kauno apskritis,LT002,Prienų rajono savivaldybė,69,Naujosios Ūtos seniūnija,LT002_6950,1118,131.72,8.49
LT,Lithuania,LT0,Lithuania,LT00,Kauno apskritis,LT002,Prienų rajono savivaldybė,69,Pakuonio seniūnija,LT002_6961,1828,77.69,23.53
LT,Lithuania,LT0,Lithuania,LT00,Kauno apskritis,LT002,Prienų rajono savivaldybė,69,Stakliškių seniūnija,LT002_6973,3925,252.75,15.53
LT,Lithuania,LT0,Lithuania,LT00,Kauno apskritis,LT002,Prienų rajono savivaldybė,69,Šilavoto seniūnija,LT002_6984,2312,139.61,16.56
LT,Lithuania,LT0,Lithuania,LT00,Kauno apskritis,LT002,Raseinių rajono savivaldybė,72,Raseinių miesto seniūnija,LT002_7201,7704,12.35,623.72
LT,Lithuania,LT0,Lithuania,LT00,Kauno apskritis,LT002,Raseinių rajono savivaldybė,72,Ariogalos miesto seniūnija,LT002_7205,2087,6.83,305.69
LT,Lithuania,LT0,Lithuania,LT00,Kauno apskritis,LT002,Raseinių rajono savivaldybė,72,Ariogalos seniūnija,LT002_7209,4509,418.22,10.78
LT,Lithuania,LT0,Lithuania,LT00,Kauno apskritis,LT002,Raseinių rajono savivaldybė,72,Betygalos seniūnija,LT002_7213,2772,266.76,10.39
LT,Lithuania,LT0,Lithuania,LT00,Kauno apskritis,LT002,Raseinių rajono savivaldybė,72,Viduklės seniūnija,LT002_7219,4783,248.4,19.26
LT,Lithuania,LT0,Lithuania,LT00,Kauno apskritis,LT002,Raseinių rajono savivaldybė,72,Girkalnio seniūnija,LT002_7226,2065,143.1,14.43
LT,Lithuania,LT0,Lithuania,LT00,Kauno apskritis,LT002,Raseinių rajono savivaldybė,72,Kalnujų seniūnija,LT002_7245,702,112.6,6.23
LT,Lithuania,LT0,Lithuania,LT00,Kauno apskritis,LT002,Raseinių rajono savivaldybė,72,Nemakščių seniūnija,LT002_7251,3818,188.28,20.28
LT,Lithuania,LT0,Lithuania,LT00,Kauno apskritis,LT002,Raseinių rajono savivaldybė,72,Pagojukų seniūnija,LT002_7262,2135,215.5,9.91
LT,Lithuania,LT0,Lithuania,LT00,Kauno apskritis,LT002,Raseinių rajono savivaldybė,72,Paliepių seniūnija,LT002_7273,2489,120.85,20.6
LT,Lithuania,LT0,Lithuania,LT00,Kauno apskritis,LT002,Raseinių rajono savivaldybė,72,Raseinių seniūnija,LT002_7284,6650,204.86,32.46
LT,Lithuania,LT0,Lithuania,LT00,Kauno apskritis,LT002,Raseinių rajono savivaldybė,72,Šiluvos seniūnija,LT002_7295,2648,289.22,9.16
LT,Lithuania,LT0,Lithuania,LT00,Klaipėdos apskritis,LT003,Klaipėdos miesto savivaldybė,21,Klaipėdos miesto savivaldybė,LT003_21,151309,98.04,1543.33
LT,Lithuania,LT0,Lithuania,LT00,Klaipėdos apskritis,LT003,Neringos savivaldybė,23,Neringos savivaldybė,LT003_23,3097,138.83,22.3
LT,Lithuania,LT0,Lithuania,LT00,Klaipėdos apskritis,LT003,Palangos miesto savivaldybė,25,Palangos miesto savivaldybė,LT003_25,15449,79.18,195.11
LT,Lithuania,LT0,Lithuania,LT00,Klaipėdos apskritis,LT003,Klaipėdos rajono savivaldybė,55,Gargždų seniūnija,LT003_5501,6083,12.97,469
LT,Lithuania,LT0,Lithuania,LT00,Klaipėdos apskritis,LT003,Klaipėdos rajono savivaldybė,55,Agluonėnų seniūnija,LT003_5504,1389,79.25,17.53
LT,Lithuania,LT0,Lithuania,LT00,Klaipėdos apskritis,LT003,Klaipėdos rajono savivaldybė,55,Judrėnų seniūnija,LT003_5510,890,94.01,9.47
LT,Lithuania,LT0,Lithuania,LT00,Klaipėdos apskritis,LT003,Klaipėdos rajono savivaldybė,55,Vėžaičių seniūnija,LT003_5513,4090,289.91,14.11
LT,Lithuania,LT0,Lithuania,LT00,Klaipėdos apskritis,LT003,Klaipėdos rajono savivaldybė,55,Veiviržėnų seniūnija,LT003_5518,3511,278.27,12.62
LT,Lithuania,LT0,Lithuania,LT00,Klaipėdos apskritis,LT003,Klaipėdos rajono savivaldybė,55,Dauparų - Kvietinių seniūnija,LT003_5525,3771,132.09,28.55
LT,Lithuania,LT0,Lithuania,LT00,Klaipėdos apskritis,LT003,Klaipėdos rajono savivaldybė,55,Dovilų seniūnija,LT003_5536,8182,181.14,45.17
LT,Lithuania,LT0,Lithuania,LT00,Klaipėdos apskritis,LT003,Klaipėdos rajono savivaldybė,55,Kretingalės seniūnija,LT003_5547,3386,183.27,18.48
LT,Lithuania,LT0,Lithuania,LT00,Klaipėdos apskritis,LT003,Klaipėdos rajono savivaldybė,55,Priekulės seniūnija,LT003_5566,12158,232.24,52.35
LT,Lithuania,LT0,Lithuania,LT00,Klaipėdos apskritis,LT003,Klaipėdos rajono savivaldybė,55,Sendvario seniūnija,LT003_5570,4433,101.41,43.71
LT,Lithuania,LT0,Lithuania,LT00,Klaipėdos apskritis,LT003,Klaipėdos rajono savivaldybė,55,Endriejavo seniūnija,LT003_5581,1433,183.44,7.81
LT,Lithuania,LT0,Lithuania,LT00,Klaipėdos apskritis,LT003,Kretingos rajono savivaldybė,56,Kretingos miesto seniūnija,LT003_5601,11017,22.49,489.76
LT,Lithuania,LT0,Lithuania,LT00,Klaipėdos apskritis,LT003,Kretingos rajono savivaldybė,56,Salantų miesto seniūnija,LT003_5610,1417,5.36,264.27
LT,Lithuania,LT0,Lithuania,LT00,Klaipėdos apskritis,LT003,Kretingos rajono savivaldybė,56,Darbėnų seniūnija,LT003_5618,8767,475.26,18.45
LT,Lithuania,LT0,Lithuania,LT00,Klaipėdos apskritis,LT003,Kretingos rajono savivaldybė,56,Žalgirio seniūnija,LT003_5623,5443,234.16,23.24
LT,Lithuania,LT0,Lithuania,LT00,Klaipėdos apskritis,LT003,Kretingos rajono savivaldybė,56,Imbarės seniūnija,LT003_5634,4789,209.59,22.85
LT,Lithuania,LT0,Lithuania,LT00,Klaipėdos apskritis,LT003,Kretingos rajono savivaldybė,56,Kartenos seniūnija,LT003_5645,2907,123.53,23.53
LT,Lithuania,LT0,Lithuania,LT00,Klaipėdos apskritis,LT003,Kretingos rajono savivaldybė,56,Kretingos seniūnija,LT003_5651,10109,253.89,39.82
LT,Lithuania,LT0,Lithuania,LT00,Klaipėdos apskritis,LT003,Kretingos rajono savivaldybė,56,Kūlupėnų seniūnija,LT003_5656,2202,97.18,22.66
LT,Lithuania,LT0,Lithuania,LT00,Klaipėdos apskritis,LT003,Skuodo rajono savivaldybė,75,Skuodo miesto seniūnija,LT003_7501,4020,8.36,481.09
LT,Lithuania,LT0,Lithuania,LT00,Klaipėdos apskritis,LT003,Skuodo rajono savivaldybė,75,Aleksandrijos seniūnija,LT003_7508,2580,139.42,18.51
LT,Lithuania,LT0,Lithuania,LT00,Klaipėdos apskritis,LT003,Skuodo rajono savivaldybė,75,Barstyčių seniūnija,LT003_7512,1047,107.04,9.78
LT,Lithuania,LT0,Lithuania,LT00,Klaipėdos apskritis,LT003,Skuodo rajono savivaldybė,75,Ylakių seniūnija,LT003_7524,4761,316.31,15.05
LT,Lithuania,LT0,Lithuania,LT00,Klaipėdos apskritis,LT003,Skuodo rajono savivaldybė,75,Lenkimų seniūnija,LT003_7535,1322,124.67,10.6
LT,Lithuania,LT0,Lithuania,LT00,Klaipėdos apskritis,LT003,Skuodo rajono savivaldybė,75,Mosėdžio seniūnija,LT003_7546,3216,143.69,22.38
LT,Lithuania,LT0,Lithuania,LT00,Klaipėdos apskritis,LT003,Skuodo rajono savivaldybė,75,Notėnų seniūnija,LT003_7557,962,131.5,7.32
LT,Lithuania,LT0,Lithuania,LT00,Klaipėdos apskritis,LT003,Skuodo rajono savivaldybė,75,Skuodo seniūnija,LT003_7579,4789,226.98,21.1
LT,Lithuania,LT0,Lithuania,LT00,Klaipėdos apskritis,LT003,Skuodo rajono savivaldybė,75,Šačių seniūnija,LT003_7580,1631,122.33,13.33
LT,Lithuania,LT0,Lithuania,LT00,Klaipėdos apskritis,LT003,Šilutės rajono savivaldybė,88,Šilutės seniūnija,LT003_8801,19075,236.43,80.68
LT,Lithuania,LT0,Lithuania,LT00,Klaipėdos apskritis,LT003,Šilutės rajono savivaldybė,88,Vainuto seniūnija,LT003_8806,4692,214.14,21.91
LT,Lithuania,LT0,Lithuania,LT00,Klaipėdos apskritis,LT003,Šilutės rajono savivaldybė,88,Gardamo seniūnija,LT003_8813,3044,194.95,15.61
LT,Lithuania,LT0,Lithuania,LT00,Klaipėdos apskritis,LT003,Šilutės rajono savivaldybė,88,Žemaičių Naumiesčio seniūnija,LT003_8820,4975,155.92,31.91
LT,Lithuania,LT0,Lithuania,LT00,Klaipėdos apskritis,LT003,Šilutės rajono savivaldybė,88,Katyčių seniūnija,LT003_8840,2256,87.74,25.71
LT,Lithuania,LT0,Lithuania,LT00,Klaipėdos apskritis,LT003,Šilutės rajono savivaldybė,88,Kintų seniūnija,LT003_8850,2210,223.64,9.88
LT,Lithuania,LT0,Lithuania,LT00,Klaipėdos apskritis,LT003,Šilutės rajono savivaldybė,88,Rusnės seniūnija,LT003_8866,1620,76.63,21.14
LT,Lithuania,LT0,Lithuania,LT00,Klaipėdos apskritis,LT003,Šilutės rajono savivaldybė,88,Saugų seniūnija,LT003_8872,5275,242.4,21.76
LT,Lithuania,LT0,Lithuania,LT00,Klaipėdos apskritis,LT003,Šilutės rajono savivaldybė,88,Usėnų seniūnija,LT003_8884,1640,105.47,15.55
LT,Lithuania,LT0,Lithuania,LT00,Klaipėdos apskritis,LT003,Šilutės rajono savivaldybė,88,Švėkšnos seniūnija,LT003_8888,5684,264.35,21.5
LT,Lithuania,LT0,Lithuania,LT00,Klaipėdos apskritis,LT003,Šilutės rajono savivaldybė,88,Juknaičių seniūnija,LT003_8897,2925,217.51,13.45
LT,Lithuania,LT0,Lithuania,LT00,Marijampolės apskritis,LT004,Marijampolės savivaldybė,18,Degučių seniūnija,LT004_1801,8826,8.26,1067.97
LT,Lithuania,LT0,Lithuania,LT00,Marijampolės apskritis,LT004,Marijampolės savivaldybė,18,Mokolų seniūnija,LT004_1802,9510,9.25,1027.95
LT,Lithuania,LT0,Lithuania,LT00,Marijampolės apskritis,LT004,Marijampolės savivaldybė,18,Narto seniūnija,LT004_1803,13094,16.39,799.04
LT,Lithuania,LT0,Lithuania,LT00,Marijampolės apskritis,LT004,Marijampolės savivaldybė,18,Gudelių seniūnija,LT004_1820,1999,78.26,25.54
LT,Lithuania,LT0,Lithuania,LT00,Marijampolės apskritis,LT004,Marijampolės savivaldybė,18,Igliaukos seniūnija,LT004_1830,3479,139.74,24.9
LT,Lithuania,LT0,Lithuania,LT00,Marijampolės apskritis,LT004,Marijampolės savivaldybė,18,Liudvinavo seniūnija,LT004_1842,10157,234.83,43.25
LT,Lithuania,LT0,Lithuania,LT00,Marijampolės apskritis,LT004,Marijampolės savivaldybė,18,Marijampolės seniūnija,LT004_1847,10373,277.02,37.44
LT,Lithuania,LT0,Lithuania,LT00,Marijampolės apskritis,LT004,Marijampolės savivaldybė,18,Sasnavos seniūnija,LT004_1867,7560,187.21,40.38
LT,Lithuania,LT0,Lithuania,LT00,Marijampolės apskritis,LT004,Marijampolės savivaldybė,18,Šunskų seniūnija,LT004_1876,3810,99.6,38.25
LT,Lithuania,LT0,Lithuania,LT00,Marijampolės apskritis,LT004,Vilkaviškio rajono savivaldybė,39,Vilkaviškio miesto seniūnija,LT004_3910,10027,10.54,950.89
LT,Lithuania,LT0,Lithuania,LT00,Marijampolės apskritis,LT004,Vilkaviškio rajono savivaldybė,39,Bartninkų seniūnija,LT004_3914,3016,180.4,16.72
LT,Lithuania,LT0,Lithuania,LT00,Marijampolės apskritis,LT004,Vilkaviškio rajono savivaldybė,39,Vištyčio seniūnija,LT004_3920,1238,154.9,7.99
LT,Lithuania,LT0,Lithuania,LT00,Marijampolės apskritis,LT004,Vilkaviškio rajono savivaldybė,39,Gižų seniūnija,LT004_3926,1588,56.44,28.13
LT,Lithuania,LT0,Lithuania,LT00,Marijampolės apskritis,LT004,Vilkaviškio rajono savivaldybė,39,Gražiškių seniūnija,LT004_3930,825,150.53,5.48
LT,Lithuania,LT0,Lithuania,LT00,Marijampolės apskritis,LT004,Vilkaviškio rajono savivaldybė,39,Klausučių seniūnija,LT004_3935,2951,154.31,19.12
LT,Lithuania,LT0,Lithuania,LT00,Marijampolės apskritis,LT004,Vilkaviškio rajono savivaldybė,39,Keturvalakių seniūnija,LT004_3938,3028,121.42,24.94
LT,Lithuania,LT0,Lithuania,LT00,Marijampolės apskritis,LT004,Vilkaviškio rajono savivaldybė,39,Kybartų seniūnija,LT004_3942,6862,221.83,30.93
LT,Lithuania,LT0,Lithuania,LT00,Marijampolės apskritis,LT004,Vilkaviškio rajono savivaldybė,39,Pajevonio seniūnija,LT004_3956,1232,164.78,7.48
LT,Lithuania,LT0,Lithuania,LT00,Marijampolės apskritis,LT004,Vilkaviškio rajono savivaldybė,39,Pilviškių seniūnija,LT004_3960,5172,219.73,23.54
LT,Lithuania,LT0,Lithuania,LT00,Marijampolės apskritis,LT004,Vilkaviškio rajono savivaldybė,39,Šeimenos seniūnija,LT004_3977,8596,242.87,35.39
LT,Lithuania,LT0,Lithuania,LT00,Marijampolės apskritis,LT004,Vilkaviškio rajono savivaldybė,39,Virbalio seniūnija,LT004_3979,2950,77.49,38.07
LT,Lithuania,LT0,Lithuania,LT00,Marijampolės apskritis,LT004,Kalvarijos savivaldybė,48,Akmenynų seniūnija,LT004_4814,1254,55.6,22.55
LT,Lithuania,LT0,Lithuania,LT00,Marijampolės apskritis,LT004,Kalvarijos savivaldybė,48,Kalvarijos seniūnija,LT004_4834,9442,315.52,29.92
LT,Lithuania,LT0,Lithuania,LT00,Marijampolės apskritis,LT004,Kalvarijos savivaldybė,48,Liubavo seniūnija,LT004_4839,1211,102.02,11.87
LT,Lithuania,LT0,Lithuania,LT00,Marijampolės apskritis,LT004,Kalvarijos savivaldybė,48,Sangrūdos seniūnija,LT004_4862,1626,134.81,12.06
LT,Lithuania,LT0,Lithuania,LT00,Marijampolės apskritis,LT004,Kazlų Rūdos savivaldybė,58,Kazlų Rūdos savivaldybė,LT004_58,12125,554.54,21.86
LT,Lithuania,LT0,Lithuania,LT00,Marijampolės apskritis,LT004,Šakių rajono savivaldybė,84,Barzdų seniūnija,LT004_8405,1413,101.86,13.87
LT,Lithuania,LT0,Lithuania,LT00,Marijampolės apskritis,LT004,Šakių rajono savivaldybė,84,Kudirkos Naumiesčio seniūnija,LT004_8409,2357,105.49,22.34
LT,Lithuania,LT0,Lithuania,LT00,Marijampolės apskritis,LT004,Šakių rajono savivaldybė,84,Gelgaudiškio seniūnija,LT004_8413,2620,100.65,26.03
LT,Lithuania,LT0,Lithuania,LT00,Marijampolės apskritis,LT004,Šakių rajono savivaldybė,84,Griškabūdžio seniūnija,LT004_8417,3064,198.02,15.47
LT,Lithuania,LT0,Lithuania,LT00,Marijampolės apskritis,LT004,Šakių rajono savivaldybė,84,Kidulių seniūnija,LT004_8430,1884,156.37,12.05
LT,Lithuania,LT0,Lithuania,LT00,Marijampolės apskritis,LT004,Šakių rajono savivaldybė,84,Kriūkų seniūnija,LT004_8435,2494,141.23,17.66
LT,Lithuania,LT0,Lithuania,LT00,Marijampolės apskritis,LT004,Šakių rajono savivaldybė,84,Lukšių seniūnija,LT004_8443,3774,233.33,16.17
LT,Lithuania,LT0,Lithuania,LT00,Marijampolės apskritis,LT004,Šakių rajono savivaldybė,84,Lekėčių seniūnija,LT004_8449,1824,110.1,16.57
LT,Lithuania,LT0,Lithuania,LT00,Marijampolės apskritis,LT004,Šakių rajono savivaldybė,84,Plokščių seniūnija,LT004_8455,2312,134.08,17.24
LT,Lithuania,LT0,Lithuania,LT00,Marijampolės apskritis,LT004,Šakių rajono savivaldybė,84,Sintautų seniūnija,LT004_8471,2087,144.48,14.44
LT,Lithuania,LT0,Lithuania,LT00,Marijampolės apskritis,LT004,Šakių rajono savivaldybė,84,Slavikų seniūnija,LT004_8475,562,93.87,5.99
LT,Lithuania,LT0,Lithuania,LT00,Marijampolės apskritis,LT004,Šakių rajono savivaldybė,84,Sudargo seniūnija,LT004_8479,582,102,5.71
LT,Lithuania,LT0,Lithuania,LT00,Marijampolės apskritis,LT004,Šakių rajono savivaldybė,84,Šakių seniūnija,LT004_8483,10749,332.41,32.34
LT,Lithuania,LT0,Lithuania,LT00,Marijampolės apskritis,LT004,Šakių rajono savivaldybė,84,Žvirgždaičių seniūnija,LT004_8497,1010,84.69,11.93
LT,Lithuania,LT0,Lithuania,LT00,Panevėžio apskritis,LT005,Panevėžio miesto savivaldybė,27,Panevėžio miesto savivaldybė,LT005_27,91054,50.11,1817.08
LT,Lithuania,LT0,Lithuania,LT00,Panevėžio apskritis,LT005,Biržų rajono savivaldybė,36,Biržų miesto seniūnija,LT005_3601,11710,27.27,429.43
LT,Lithuania,LT0,Lithuania,LT00,Panevėžio apskritis,LT005,Biržų rajono savivaldybė,36,Širvėnos seniūnija,LT005_3604,5513,363.89,15.15
LT,Lithuania,LT0,Lithuania,LT00,Panevėžio apskritis,LT005,Biržų rajono savivaldybė,36,Vabalninko seniūnija,LT005_3609,3112,357.77,8.7
LT,Lithuania,LT0,Lithuania,LT00,Panevėžio apskritis,LT005,Biržų rajono savivaldybė,36,Nemunėlio Radviliškio seniūnija,LT005_3640,2013,282.56,7.12
LT,Lithuania,LT0,Lithuania,LT00,Panevėžio apskritis,LT005,Biržų rajono savivaldybė,36,Pabiržės seniūnija,LT005_3648,2798,118.24,23.66
LT,Lithuania,LT0,Lithuania,LT00,Panevėžio apskritis,LT005,Biržų rajono savivaldybė,36,Pačeriaukštės seniūnija,LT005_3649,2691,185.52,14.5
LT,Lithuania,LT0,Lithuania,LT00,Panevėžio apskritis,LT005,Biržų rajono savivaldybė,36,Papilio seniūnija,LT005_3651,2699,383.38,7.04
LT,Lithuania,LT0,Lithuania,LT00,Panevėžio apskritis,LT005,Biržų rajono savivaldybė,36,Parovėjos seniūnija,LT005_3654,2852,413.07,6.9
LT,Lithuania,LT0,Lithuania,LT00,Panevėžio apskritis,LT005,Kupiškio rajono savivaldybė,57,Alizavos seniūnija,LT005_5711,3047,268.3,11.36
LT,Lithuania,LT0,Lithuania,LT00,Panevėžio apskritis,LT005,Kupiškio rajono savivaldybė,57,Kupiškio seniūnija,LT005_5719,9017,354.17,25.46
LT,Lithuania,LT0,Lithuania,LT00,Panevėžio apskritis,LT005,Kupiškio rajono savivaldybė,57,Noriūnų seniūnija,LT005_5744,3038,134.43,22.6
LT,Lithuania,LT0,Lithuania,LT00,Panevėžio apskritis,LT005,Kupiškio rajono savivaldybė,57,Skapiškio seniūnija,LT005_5777,2925,290.77,10.06
LT,Lithuania,LT0,Lithuania,LT00,Panevėžio apskritis,LT005,Kupiškio rajono savivaldybė,57,Subačiaus seniūnija,LT005_5785,2360,167.13,14.12
LT,Lithuania,LT0,Lithuania,LT00,Panevėžio apskritis,LT005,Kupiškio rajono savivaldybė,57,Šimonių seniūnija,LT005_5795,3012,334.39,9.01
LT,Lithuania,LT0,Lithuania,LT00,Panevėžio apskritis,LT005,Panevėžio rajono savivaldybė,66,Vadoklių seniūnija,LT005_6608,2195,241.22,9.1
LT,Lithuania,LT0,Lithuania,LT00,Panevėžio apskritis,LT005,Panevėžio rajono savivaldybė,66,Velžio seniūnija,LT005_6616,5973,207.98,28.72
LT,Lithuania,LT0,Lithuania,LT00,Panevėžio apskritis,LT005,Panevėžio rajono savivaldybė,66,Karsakiškio seniūnija,LT005_6625,4082,453.57,9
LT,Lithuania,LT0,Lithuania,LT00,Panevėžio apskritis,LT005,Panevėžio rajono savivaldybė,66,Krekenavos seniūnija,LT005_6630,2662,431.19,6.17
LT,Lithuania,LT0,Lithuania,LT00,Panevėžio apskritis,LT005,Panevėžio rajono savivaldybė,66,Miežiškių seniūnija,LT005_6637,2757,293.96,9.38
LT,Lithuania,LT0,Lithuania,LT00,Panevėžio apskritis,LT005,Panevėžio rajono savivaldybė,66,Naujamiesčio seniūnija,LT005_6642,1692,195.61,8.65
LT,Lithuania,LT0,Lithuania,LT00,Panevėžio apskritis,LT005,Panevėžio rajono savivaldybė,66,Panevėžio seniūnija,LT005_6647,11927,238.54,50
LT,Lithuania,LT0,Lithuania,LT00,Panevėžio apskritis,LT005,Panevėžio rajono savivaldybė,66,Raguvos seniūnija,LT005_6661,2232,133.6,16.71
LT,Lithuania,LT0,Lithuania,LT00,Panevėžio apskritis,LT005,Panevėžio rajono savivaldybė,66,Ramygalos seniūnija,LT005_6664,3632,338.18,10.74
LT,Lithuania,LT0,Lithuania,LT00,Panevėžio apskritis,LT005,Panevėžio rajono savivaldybė,66,Smilgių seniūnija,LT005_6679,1318,188.68,6.99
LT,Lithuania,LT0,Lithuania,LT00,Panevėžio apskritis,LT005,Panevėžio rajono savivaldybė,66,Upytės seniūnija,LT005_6690,1716,161.13,10.65
LT,Lithuania,LT0,Lithuania,LT00,Panevėžio apskritis,LT005,Panevėžio rajono savivaldybė,66,Paįstrio seniūnija,LT005_6695,3896,221.99,17.55
LT,Lithuania,LT0,Lithuania,LT00,Panevėžio apskritis,LT005,Pasvalio rajono savivaldybė,67,Pasvalio miesto seniūnija,LT005_6701,5318,10.89,488.28
LT,Lithuania,LT0,Lithuania,LT00,Panevėžio apskritis,LT005,Pasvalio rajono savivaldybė,67,Joniškėlio miesto seniūnija,LT005_6704,1472,3.33,441.5
LT,Lithuania,LT0,Lithuania,LT00,Panevėžio apskritis,LT005,Pasvalio rajono savivaldybė,67,Vaškų seniūnija,LT005_6706,3474,277.84,12.5
LT,Lithuania,LT0,Lithuania,LT00,Panevėžio apskritis,LT005,Pasvalio rajono savivaldybė,67,Daujėnų seniūnija,LT005_6715,1774,163.76,10.83
LT,Lithuania,LT0,Lithuania,LT00,Panevėžio apskritis,LT005,Pasvalio rajono savivaldybė,67,Joniškėlio apylinkių seniūnija,LT005_6724,2858,276.92,10.32
LT,Lithuania,LT0,Lithuania,LT00,Panevėžio apskritis,LT005,Pasvalio rajono savivaldybė,67,Krinčino seniūnija,LT005_6738,3143,180.88,17.38
LT,Lithuania,LT0,Lithuania,LT00,Panevėžio apskritis,LT005,Pasvalio rajono savivaldybė,67,Pasvalio apylinkių seniūnija,LT005_6749,5005,200.85,24.92
LT,Lithuania,LT0,Lithuania,LT00,Panevėžio apskritis,LT005,Pasvalio rajono savivaldybė,67,Pumpėnų seniūnija,LT005_6752,3198,215.59,14.83
LT,Lithuania,LT0,Lithuania,LT00,Panevėžio apskritis,LT005,Pasvalio rajono savivaldybė,67,Pušaloto seniūnija,LT005_6754,1810,206.68,8.76
LT,Lithuania,LT0,Lithuania,LT00,Panevėžio apskritis,LT005,Pasvalio rajono savivaldybė,67,Saločių seniūnija,LT005_6773,3970,237.14,16.74
LT,Lithuania,LT0,Lithuania,LT00,Panevėžio apskritis,LT005,Pasvalio rajono savivaldybė,67,Namišių seniūnija,LT005_6780,896,85.61,10.47
LT,Lithuania,LT0,Lithuania,LT00,Panevėžio apskritis,LT005,Rokiškio rajono savivaldybė,73,Rokiškio miesto seniūnija,LT005_7301,8481,16.53,513.05
LT,Lithuania,LT0,Lithuania,LT00,Panevėžio apskritis,LT005,Rokiškio rajono savivaldybė,73,Kazliškio seniūnija,LT005_7312,1054,145.28,7.25
LT,Lithuania,LT0,Lithuania,LT00,Panevėžio apskritis,LT005,Rokiškio rajono savivaldybė,73,Kamajų seniūnija,LT005_7315,3663,331.79,11.04
LT,Lithuania,LT0,Lithuania,LT00,Panevėžio apskritis,LT005,Rokiškio rajono savivaldybė,73,Kriaunų seniūnija,LT005_7319,1178,157.74,7.47
LT,Lithuania,LT0,Lithuania,LT00,Panevėžio apskritis,LT005,Rokiškio rajono savivaldybė,73,Obelių seniūnija,LT005_7326,4119,354.7,11.61
LT,Lithuania,LT0,Lithuania,LT00,Panevėžio apskritis,LT005,Rokiškio rajono savivaldybė,73,Pandėlio seniūnija,LT005_7329,5382,454.39,11.84
LT,Lithuania,LT0,Lithuania,LT00,Panevėžio apskritis,LT005,Rokiškio rajono savivaldybė,73,Panemunėlio seniūnija,LT005_7331,2224,163.84,13.57
LT,Lithuania,LT0,Lithuania,LT00,Panevėžio apskritis,LT005,Rokiškio rajono savivaldybė,73,Rokiškio kaimiškoji seniūnija,LT005_7345,6700,425.65,15.74
LT,Lithuania,LT0,Lithuania,LT00,Panevėžio apskritis,LT005,Rokiškio rajono savivaldybė,73,Jūžintų seniūnija,LT005_7375,2488,275.98,9.02
LT,Lithuania,LT0,Lithuania,LT00,Panevėžio apskritis,LT005,Rokiškio rajono savivaldybė,73,Juodupės seniūnija,LT005_7386,4334,273.61,15.84
LT,Lithuania,LT0,Lithuania,LT00,Šiaulių apskritis,LT006,Šiaulių miesto savivaldybė,29,Šiaulių miesto savivaldybė,LT006_29,101214,81.09,1248.16
LT,Lithuania,LT0,Lithuania,LT00,Šiaulių apskritis,LT006,Akmenės rajono savivaldybė,32,Akmenės seniūnija,LT006_3204,2599,268.04,9.7
LT,Lithuania,LT0,Lithuania,LT00,Šiaulių apskritis,LT006,Akmenės rajono savivaldybė,32,Kruopių seniūnija,LT006_3242,1950,190.44,10.24
LT,Lithuania,LT0,Lithuania,LT00,Šiaulių apskritis,LT006,Akmenės rajono savivaldybė,32,Naujosios Akmenės kaimiškoji seniūnija,LT006_3245,4817,347.95,13.84
LT,Lithuania,LT0,Lithuania,LT00,Šiaulių apskritis,LT006,Akmenės rajono savivaldybė,32,Papilės seniūnija,LT006_3249,5915,346.91,17.05
LT,Lithuania,LT0,Lithuania,LT00,Šiaulių apskritis,LT006,Akmenės rajono savivaldybė,32,Ventos seniūnija,LT006_3252,3775,54.71,69
LT,Lithuania,LT0,Lithuania,LT00,Šiaulių apskritis,LT006,Akmenės rajono savivaldybė,32,Naujosios Akmenės miesto seniūnija,LT006_3260,5629,14.64,384.47
LT,Lithuania,LT0,Lithuania,LT00,Šiaulių apskritis,LT006,Joniškio rajono savivaldybė,47,Gataučių seniūnija,LT006_4713,1534,150.87,10.17
LT,Lithuania,LT0,Lithuania,LT00,Šiaulių apskritis,LT006,Joniškio rajono savivaldybė,47,Gaižaičių seniūnija,LT006_4720,779,157.06,4.96
LT,Lithuania,LT0,Lithuania,LT00,Šiaulių apskritis,LT006,Joniškio rajono savivaldybė,47,Žagarės seniūnija,LT006_4726,4154,261.98,15.86
LT,Lithuania,LT0,Lithuania,LT00,Šiaulių apskritis,LT006,Joniškio rajono savivaldybė,47,Kriukų seniūnija,LT006_4731,2180,194.53,11.21
LT,Lithuania,LT0,Lithuania,LT00,Šiaulių apskritis,LT006,Joniškio rajono savivaldybė,47,Kepalių seniūnija,LT006_4735,2320,135.79,17.08
LT,Lithuania,LT0,Lithuania,LT00,Šiaulių apskritis,LT006,Joniškio rajono savivaldybė,47,Rudiškių seniūnija,LT006_4744,976,122.1,7.99
LT,Lithuania,LT0,Lithuania,LT00,Šiaulių apskritis,LT006,Joniškio rajono savivaldybė,47,Satkūnų seniūnija,LT006_4747,1901,189.06,10.06
LT,Lithuania,LT0,Lithuania,LT00,Šiaulių apskritis,LT006,Joniškio rajono savivaldybė,47,Saugėlaukio seniūnija,LT006_4751,1970,105.81,18.62
LT,Lithuania,LT0,Lithuania,LT00,Šiaulių apskritis,LT006,Joniškio rajono savivaldybė,47,Skaistgirio seniūnija,LT006_4756,3468,196.52,17.65
LT,Lithuania,LT0,Lithuania,LT00,Šiaulių apskritis,LT006,Joniškio rajono savivaldybė,47,Joniškio seniūnija,LT006_4760,11112,154.99,71.69
LT,Lithuania,LT0,Lithuania,LT00,Šiaulių apskritis,LT006,Kelmės rajono savivaldybė,54,Kelmės seniūnija,LT006_5401,6532,13.49,484.26
LT,Lithuania,LT0,Lithuania,LT00,Šiaulių apskritis,LT006,Kelmės rajono savivaldybė,54,Vaiguvos seniūnija,LT006_5405,1141,128.96,8.85
LT,Lithuania,LT0,Lithuania,LT00,Šiaulių apskritis,LT006,Kelmės rajono savivaldybė,54,Kukečių seniūnija,LT006_5409,2296,171.06,13.42
LT,Lithuania,LT0,Lithuania,LT00,Šiaulių apskritis,LT006,Kelmės rajono savivaldybė,54,Kelmės apylinkių seniūnija,LT006_5419,3820,188.91,20.22
LT,Lithuania,LT0,Lithuania,LT00,Šiaulių apskritis,LT006,Kelmės rajono savivaldybė,54,Kražių seniūnija,LT006_5425,5147,364.87,14.11
LT,Lithuania,LT0,Lithuania,LT00,Šiaulių apskritis,LT006,Kelmės rajono savivaldybė,54,Liolių seniūnija,LT006_5437,4223,223.41,18.9
LT,Lithuania,LT0,Lithuania,LT00,Šiaulių apskritis,LT006,Kelmės rajono savivaldybė,54,Pakražančio seniūnija,LT006_5456,2943,224.53,13.11
LT,Lithuania,LT0,Lithuania,LT00,Šiaulių apskritis,LT006,Kelmės rajono savivaldybė,54,Tytuvėnų seniūnija,LT006_5473,1404,14.71,95.42
LT,Lithuania,LT0,Lithuania,LT00,Šiaulių apskritis,LT006,Kelmės rajono savivaldybė,54,Tytuvėnų apylinkių seniūnija,LT006_5475,3359,411.39,8.16
LT,Lithuania,LT0,Lithuania,LT00,Šiaulių apskritis,LT006,Kelmės rajono savivaldybė,54,Užvenčio seniūnija,LT006_5477,3835,330.65,11.6
LT,Lithuania,LT0,Lithuania,LT00,Šiaulių apskritis,LT006,Kelmės rajono savivaldybė,54,Šaukėnų seniūnija,LT006_5480,3480,361.25,9.63
LT,Lithuania,LT0,Lithuania,LT00,Šiaulių apskritis,LT006,Pakruojo rajono savivaldybė,65,Guostagalio seniūnija,LT006_6504,920,147.04,6.26
LT,Lithuania,LT0,Lithuania,LT00,Šiaulių apskritis,LT006,Pakruojo rajono savivaldybė,65,Žeimelio seniūnija,LT006_6512,3513,286.66,12.25
LT,Lithuania,LT0,Lithuania,LT00,Šiaulių apskritis,LT006,Pakruojo rajono savivaldybė,65,Klovainių seniūnija,LT006_6518,3344,267.43,12.5
LT,Lithuania,LT0,Lithuania,LT00,Šiaulių apskritis,LT006,Pakruojo rajono savivaldybė,65,Lygumų seniūnija,LT006_6529,2821,330.54,8.53
LT,Lithuania,LT0,Lithuania,LT00,Šiaulių apskritis,LT006,Pakruojo rajono savivaldybė,65,Linkuvos seniūnija,LT006_6536,4949,237.91,20.8
LT,Lithuania,LT0,Lithuania,LT00,Šiaulių apskritis,LT006,Pakruojo rajono savivaldybė,65,Pakruojo seniūnija,LT006_6546,6980,185.13,37.7
LT,Lithuania,LT0,Lithuania,LT00,Šiaulių apskritis,LT006,Pakruojo rajono savivaldybė,65,Pašvitinio seniūnija,LT006_6558,2598,229.04,11.34
LT,Lithuania,LT0,Lithuania,LT00,Šiaulių apskritis,LT006,Pakruojo rajono savivaldybė,65,Rozalimo seniūnija,LT006_6568,2878,212.45,13.55
LT,Lithuania,LT0,Lithuania,LT00,Šiaulių apskritis,LT006,Radviliškio rajono savivaldybė,71,Aukštelkų seniūnija,LT006_7108,2211,120.5,18.35
LT,Lithuania,LT0,Lithuania,LT00,Šiaulių apskritis,LT006,Radviliškio rajono savivaldybė,71,Baisogalos seniūnija,LT006_7113,5024,251.17,20
LT,Lithuania,LT0,Lithuania,LT00,Šiaulių apskritis,LT006,Radviliškio rajono savivaldybė,71,Grinkiškio seniūnija,LT006_7115,4463,292.91,15.24
LT,Lithuania,LT0,Lithuania,LT00,Šiaulių apskritis,LT006,Radviliškio rajono savivaldybė,71,Pakalniškių seniūnija,LT006_7127,2867,230.73,12.43
LT,Lithuania,LT0,Lithuania,LT00,Šiaulių apskritis,LT006,Radviliškio rajono savivaldybė,71,Radviliškio seniūnija,LT006_7135,3551,269.7,13.17
LT,Lithuania,LT0,Lithuania,LT00,Šiaulių apskritis,LT006,Radviliškio rajono savivaldybė,71,Sidabravo seniūnija,LT006_7149,2338,208.07,11.24
LT,Lithuania,LT0,Lithuania,LT00,Šiaulių apskritis,LT006,Radviliškio rajono savivaldybė,71,Skėmių seniūnija,LT006_7154,2543,112.79,22.55
LT,Lithuania,LT0,Lithuania,LT00,Šiaulių apskritis,LT006,Radviliškio rajono savivaldybė,71,Radviliškio miesto seniūnija,LT006_7160,13582,25.25,537.93
LT,Lithuania,LT0,Lithuania,LT00,Šiaulių apskritis,LT006,Radviliškio rajono savivaldybė,71,Šeduvos miesto seniūnija,LT006_7161,5865,210.36,27.88
LT,Lithuania,LT0,Lithuania,LT00,Šiaulių apskritis,LT006,Radviliškio rajono savivaldybė,71,Šaukoto seniūnija,LT006_7172,2261,211.09,10.71
LT,Lithuania,LT0,Lithuania,LT00,Šiaulių apskritis,LT006,Radviliškio rajono savivaldybė,71,Šiaulėnų seniūnija,LT006_7184,4194,275.03,15.25
LT,Lithuania,LT0,Lithuania,LT00,Šiaulių apskritis,LT006,Radviliškio rajono savivaldybė,71,Tyrulių seniūnija,LT006_7187,1068,127.09,8.4
LT,Lithuania,LT0,Lithuania,LT00,Šiaulių apskritis,LT006,Šiaulių rajono savivaldybė,91,Kuršėnų miesto seniūnija,LT006_9101,7719,16.98,454.66
LT,Lithuania,LT0,Lithuania,LT00,Šiaulių apskritis,LT006,Šiaulių rajono savivaldybė,91,Bubių seniūnija,LT006_9107,5247,323.6,16.21
LT,Lithuania,LT0,Lithuania,LT00,Šiaulių apskritis,LT006,Šiaulių rajono savivaldybė,91,Ginkūnų seniūnija,LT006_9108,4068,53.62,75.87
LT,Lithuania,LT0,Lithuania,LT00,Šiaulių apskritis,LT006,Šiaulių rajono savivaldybė,91,Gruzdžių seniūnija,LT006_9109,2477,252.98,9.79
LT,Lithuania,LT0,Lithuania,LT00,Šiaulių apskritis,LT006,Šiaulių rajono savivaldybė,91,Kairių seniūnija,LT006_9113,2997,134.58,22.27
LT,Lithuania,LT0,Lithuania,LT00,Šiaulių apskritis,LT006,Šiaulių rajono savivaldybė,91,Kužių seniūnija,LT006_9120,5190,267.35,19.41
LT,Lithuania,LT0,Lithuania,LT00,Šiaulių apskritis,LT006,Šiaulių rajono savivaldybė,91,Kuršėnų kaimiškoji seniūnija,LT006_9132,8838,503.53,17.55
LT,Lithuania,LT0,Lithuania,LT00,Šiaulių apskritis,LT006,Šiaulių rajono savivaldybė,91,Meškuičių seniūnija,LT006_9148,2372,200.93,11.81
LT,Lithuania,LT0,Lithuania,LT00,Šiaulių apskritis,LT006,Šiaulių rajono savivaldybė,91,Raudėnų seniūnija,LT006_9164,1711,293.6,5.83
LT,Lithuania,LT0,Lithuania,LT00,Šiaulių apskritis,LT006,Šiaulių rajono savivaldybė,91,Šakynos seniūnija,LT006_9182,1546,211.26,7.32
LT,Lithuania,LT0,Lithuania,LT00,Šiaulių apskritis,LT006,Šiaulių rajono savivaldybė,91,Šiaulių kaimiškoji seniūnija,LT006_9193,13353,345.57,38.64
LT,Lithuania,LT0,Lithuania,LT00,Tauragės apskritis,LT007,Pagėgių savivaldybė,63,Lumpėnų seniūnija,LT007_6308,1346,114.32,11.77
LT,Lithuania,LT0,Lithuania,LT00,Tauragės apskritis,LT007,Pagėgių savivaldybė,63,Vilkyškių seniūnija,LT007_6309,2197,206.59,10.63
LT,Lithuania,LT0,Lithuania,LT00,Tauragės apskritis,LT007,Pagėgių savivaldybė,63,Pagėgių seniūnija,LT007_6360,4243,184.38,23.01
LT,Lithuania,LT0,Lithuania,LT00,Tauragės apskritis,LT007,Pagėgių savivaldybė,63,Natkiškių seniūnija,LT007_6361,1120,72.71,15.4
LT,Lithuania,LT0,Lithuania,LT00,Tauragės apskritis,LT007,Pagėgių savivaldybė,63,Stoniškių seniūnija,LT007_6378,2598,174.85,14.86
LT,Lithuania,LT0,Lithuania,LT00,Tauragės apskritis,LT007,Tauragės rajono savivaldybė,77,Tauragės miesto seniūnija,LT007_7701,16768,20.44,820.36
LT,Lithuania,LT0,Lithuania,LT00,Tauragės apskritis,LT007,Tauragės rajono savivaldybė,77,Batakių seniūnija,LT007_7712,2333,149.54,15.6
LT,Lithuania,LT0,Lithuania,LT00,Tauragės apskritis,LT007,Tauragės rajono savivaldybė,77,Gaurės seniūnija,LT007_7724,3975,341.33,11.65
LT,Lithuania,LT0,Lithuania,LT00,Tauragės apskritis,LT007,Tauragės rajono savivaldybė,77,Žygaičių seniūnija,LT007_7737,5607,311.88,17.98
LT,Lithuania,LT0,Lithuania,LT00,Tauragės apskritis,LT007,Tauragės rajono savivaldybė,77,Lauksargių seniūnija,LT007_7748,1346,90.35,14.9
LT,Lithuania,LT0,Lithuania,LT00,Tauragės apskritis,LT007,Tauragės rajono savivaldybė,77,Mažonų seniūnija,LT007_7757,6285,313.58,20.04
LT,Lithuania,LT0,Lithuania,LT00,Tauragės apskritis,LT007,Tauragės rajono savivaldybė,77,Skaudvilės seniūnija,LT007_7778,5906,198.56,29.74
LT,Lithuania,LT0,Lithuania,LT00,Tauragės apskritis,LT007,Tauragės rajono savivaldybė,77,Tauragės seniūnija,LT007_7794,8785,241.53,36.37
LT,Lithuania,LT0,Lithuania,LT00,Tauragės apskritis,LT007,Šilalės rajono savivaldybė,87,Šilalės miesto seniūnija,LT007_8701,2978,5.05,590.25
LT,Lithuania,LT0,Lithuania,LT00,Tauragės apskritis,LT007,Šilalės rajono savivaldybė,87,Bijotų seniūnija,LT007_8703,1231,103.31,11.92
LT,Lithuania,LT0,Lithuania,LT00,Tauragės apskritis,LT007,Šilalės rajono savivaldybė,87,Bilionių seniūnija,LT007_8705,650,34.21,19
LT,Lithuania,LT0,Lithuania,LT00,Tauragės apskritis,LT007,Šilalės rajono savivaldybė,87,Didkiemio seniūnija,LT007_8707,690,63.21,10.92
LT,Lithuania,LT0,Lithuania,LT00,Tauragės apskritis,LT007,Šilalės rajono savivaldybė,87,Kaltinėnų seniūnija,LT007_8711,3123,221.63,14.09
LT,Lithuania,LT0,Lithuania,LT00,Tauragės apskritis,LT007,Šilalės rajono savivaldybė,87,Kvėdarnos seniūnija,LT007_8715,4582,198.75,23.05
LT,Lithuania,LT0,Lithuania,LT00,Tauragės apskritis,LT007,Šilalės rajono savivaldybė,87,Laukuvos seniūnija,LT007_8719,3802,248.14,15.32
LT,Lithuania,LT0,Lithuania,LT00,Tauragės apskritis,LT007,Šilalės rajono savivaldybė,87,Pajūrio seniūnija,LT007_8736,2612,150.3,17.38
LT,Lithuania,LT0,Lithuania,LT00,Tauragės apskritis,LT007,Šilalės rajono savivaldybė,87,Palentinio seniūnija,LT007_8741,306,40.55,7.55
LT,Lithuania,LT0,Lithuania,LT00,Tauragės apskritis,LT007,Šilalės rajono savivaldybė,87,Tenenių seniūnija,LT007_8749,861,59.39,14.5
LT,Lithuania,LT0,Lithuania,LT00,Tauragės apskritis,LT007,Šilalės rajono savivaldybė,87,Upynos seniūnija,LT007_8769,1931,150.34,12.84
LT,Lithuania,LT0,Lithuania,LT00,Tauragės apskritis,LT007,Šilalės rajono savivaldybė,87,Šilalės kaimiškoji seniūnija,LT007_8770,4503,199.38,22.59
LT,Lithuania,LT0,Lithuania,LT00,Tauragės apskritis,LT007,Šilalės rajono savivaldybė,87,Traksėdžio seniūnija,LT007_8771,2076,121.86,17.04
LT,Lithuania,LT0,Lithuania,LT00,Tauragės apskritis,LT007,Šilalės rajono savivaldybė,87,Žadeikių seniūnija,LT007_8777,1170,95.2,12.29
LT,Lithuania,LT0,Lithuania,LT00,Tauragės apskritis,LT007,Jurbarko rajono savivaldybė,94,Veliuonos seniūnija,LT007_9418,3006,183.12,16.42
LT,Lithuania,LT0,Lithuania,LT00,Tauragės apskritis,LT007,Jurbarko rajono savivaldybė,94,Viešvilės seniūnija,LT007_9422,1300,168.26,7.73
LT,Lithuania,LT0,Lithuania,LT00,Tauragės apskritis,LT007,Jurbarko rajono savivaldybė,94,Girdžių seniūnija,LT007_9435,1718,179.15,9.59
LT,Lithuania,LT0,Lithuania,LT00,Tauragės apskritis,LT007,Jurbarko rajono savivaldybė,94,Raudonės seniūnija,LT007_9450,2601,146.37,17.77
LT,Lithuania,LT0,Lithuania,LT00,Tauragės apskritis,LT007,Jurbarko rajono savivaldybė,94,Skirsnemunės seniūnija,LT007_9460,1681,143.28,11.73
LT,Lithuania,LT0,Lithuania,LT00,Tauragės apskritis,LT007,Jurbarko rajono savivaldybė,94,Seredžiaus seniūnija,LT007_9469,4030,198.99,20.25
LT,Lithuania,LT0,Lithuania,LT00,Tauragės apskritis,LT007,Jurbarko rajono savivaldybė,94,Smalininkų seniūnija,LT007_9475,1344,34.53,38.92
LT,Lithuania,LT0,Lithuania,LT00,Tauragės apskritis,LT007,Jurbarko rajono savivaldybė,94,Šimkaičių seniūnija,LT007_9480,1913,282.01,6.78
LT,Lithuania,LT0,Lithuania,LT00,Tauragės apskritis,LT007,Jurbarko rajono savivaldybė,94,Eržvilko seniūnija,LT007_9485,5164,314.07,16.44
LT,Lithuania,LT0,Lithuania,LT00,Tauragės apskritis,LT007,Jurbarko rajono savivaldybė,94,Juodaičių seniūnija,LT007_9490,755,40.24,18.76
LT,Lithuania,LT0,Lithuania,LT00,Tauragės apskritis,LT007,Jurbarko rajono savivaldybė,94,Jurbarko miesto seniūnija,LT007_9494,6552,18.4,356.11
LT,Lithuania,LT0,Lithuania,LT00,Tauragės apskritis,LT007,Jurbarko rajono savivaldybė,94,Jurbarkų seniūnija,LT007_9497,5804,416.88,13.92
LT,Lithuania,LT0,Lithuania,LT00,Telšių apskritis,LT008,Mažeikių rajono savivaldybė,61,Židikų seniūnija,LT008_6107,3240,327.55,9.89
LT,Lithuania,LT0,Lithuania,LT00,Telšių apskritis,LT008,Mažeikių rajono savivaldybė,61,Mažeikių seniūnija,LT008_6111,24084,23.42,1028.19
LT,Lithuania,LT0,Lithuania,LT00,Telšių apskritis,LT008,Mažeikių rajono savivaldybė,61,Laižuvos seniūnija,LT008_6112,1777,89.05,19.95
LT,Lithuania,LT0,Lithuania,LT00,Telšių apskritis,LT008,Mažeikių rajono savivaldybė,61,Mažeikių apylinkės seniūnija,LT008_6119,8012,201.95,39.67
LT,Lithuania,LT0,Lithuania,LT00,Telšių apskritis,LT008,Mažeikių rajono savivaldybė,61,Viekšnių seniūnija,LT008_6120,8497,303.74,27.97
LT,Lithuania,LT0,Lithuania,LT00,Telšių apskritis,LT008,Mažeikių rajono savivaldybė,61,Reivyčių seniūnija,LT008_6124,4222,157.99,26.72
LT,Lithuania,LT0,Lithuania,LT00,Telšių apskritis,LT008,Mažeikių rajono savivaldybė,61,Sedos seniūnija,LT008_6135,4072,211.69,19.24
LT,Lithuania,LT0,Lithuania,LT00,Telšių apskritis,LT008,Mažeikių rajono savivaldybė,61,Tirkšlių seniūnija,LT008_6146,7629,234.05,32.6
LT,Lithuania,LT0,Lithuania,LT00,Telšių apskritis,LT008,Mažeikių rajono savivaldybė,61,Šerkšnėnų seniūnija,LT008_6168,3135,215.97,14.52
LT,Lithuania,LT0,Lithuania,LT00,Telšių apskritis,LT008,Plungės rajono savivaldybė,68,Plungės miesto seniūnija,LT008_6801,12506,16.57,754.59
LT,Lithuania,LT0,Lithuania,LT00,Telšių apskritis,LT008,Plungės rajono savivaldybė,68,Alsėdžių seniūnija,LT008_6807,1781,81.07,21.97
LT,Lithuania,LT0,Lithuania,LT00,Telšių apskritis,LT008,Plungės rajono savivaldybė,68,Babrungo seniūnija,LT008_6809,3683,132.66,27.76
LT,Lithuania,LT0,Lithuania,LT00,Telšių apskritis,LT008,Plungės rajono savivaldybė,68,Žemaičių Kalvarijos seniūnija,LT008_6819,2552,172.24,14.82
LT,Lithuania,LT0,Lithuania,LT00,Telšių apskritis,LT008,Plungės rajono savivaldybė,68,Žlibinų seniūnija,LT008_6826,2556,203.38,12.57
LT,Lithuania,LT0,Lithuania,LT00,Telšių apskritis,LT008,Plungės rajono savivaldybė,68,Kulių seniūnija,LT008_6837,2604,176.12,14.79
LT,Lithuania,LT0,Lithuania,LT00,Telšių apskritis,LT008,Plungės rajono savivaldybė,68,Nausodžio seniūnija,LT008_6855,6356,160.07,39.71
LT,Lithuania,LT0,Lithuania,LT00,Telšių apskritis,LT008,Plungės rajono savivaldybė,68,Paukštakių seniūnija,LT008_6860,1590,130.29,12.2
LT,Lithuania,LT0,Lithuania,LT00,Telšių apskritis,LT008,Plungės rajono savivaldybė,68,Platelių seniūnija,LT008_6866,3708,205.38,18.05
LT,Lithuania,LT0,Lithuania,LT00,Telšių apskritis,LT008,Plungės rajono savivaldybė,68,Stalgėnų seniūnija,LT008_6883,1534,118.66,12.93
LT,Lithuania,LT0,Lithuania,LT00,Telšių apskritis,LT008,Plungės rajono savivaldybė,68,Šateikių seniūnija,LT008_6895,4469,193.58,23.09
LT,Lithuania,LT0,Lithuania,LT00,Telšių apskritis,LT008,Rietavo savivaldybė,74,Rietavo miesto seniūnija,LT008_7401,2762,5.43,508.76
LT,Lithuania,LT0,Lithuania,LT00,Telšių apskritis,LT008,Rietavo savivaldybė,74,Medingėnų seniūnija,LT008_7440,682,113.57,6.01
LT,Lithuania,LT0,Lithuania,LT00,Telšių apskritis,LT008,Rietavo savivaldybė,74,Rietavo seniūnija,LT008_7475,4720,478.06,9.87
LT,Lithuania,LT0,Lithuania,LT00,Telšių apskritis,LT008,Rietavo savivaldybė,74,Daugėdų seniūnija,LT008_7483,424,32.68,12.97
LT,Lithuania,LT0,Lithuania,LT00,Telšių apskritis,LT008,Rietavo savivaldybė,74,Tverų seniūnija,LT008_7489,1572,207.57,7.57
LT,Lithuania,LT0,Lithuania,LT00,Telšių apskritis,LT008,Telšių rajono savivaldybė,78,Telšių miesto seniūnija,LT008_7810,15992,26.01,614.93
LT,Lithuania,LT0,Lithuania,LT00,Telšių apskritis,LT008,Telšių rajono savivaldybė,78,Varnių seniūnija,LT008_7811,4765,391.53,12.17
LT,Lithuania,LT0,Lithuania,LT00,Telšių apskritis,LT008,Telšių rajono savivaldybė,78,Viešvėnų seniūnija,LT008_7815,5357,174.99,30.61
LT,Lithuania,LT0,Lithuania,LT00,Telšių apskritis,LT008,Telšių rajono savivaldybė,78,Gadūnavo seniūnija,LT008_7819,3606,194.09,18.58
LT,Lithuania,LT0,Lithuania,LT00,Telšių apskritis,LT008,Telšių rajono savivaldybė,78,Degaičių seniūnija,LT008_7824,4605,165.53,27.82
LT,Lithuania,LT0,Lithuania,LT00,Telšių apskritis,LT008,Telšių rajono savivaldybė,78,Žarėnų seniūnija,LT008_7829,1660,150.01,11.07
LT,Lithuania,LT0,Lithuania,LT00,Telšių apskritis,LT008,Telšių rajono savivaldybė,78,Luokės seniūnija,LT008_7836,2938,198.3,14.82
LT,Lithuania,LT0,Lithuania,LT00,Telšių apskritis,LT008,Telšių rajono savivaldybė,78,Nevarėnų seniūnija,LT008_7847,3254,190.65,17.07
LT,Lithuania,LT0,Lithuania,LT00,Telšių apskritis,LT008,Telšių rajono savivaldybė,78,Ryškėnų seniūnija,LT008_7869,4629,162.96,28.41
LT,Lithuania,LT0,Lithuania,LT00,Telšių apskritis,LT008,Telšių rajono savivaldybė,78,Tryškių seniūnija,LT008_7874,4558,264.45,17.24
LT,Lithuania,LT0,Lithuania,LT00,Telšių apskritis,LT008,Telšių rajono savivaldybė,78,Upynos seniūnija,LT008_7881,3323,148.44,22.39
LT,Lithuania,LT0,Lithuania,LT00,Utenos apskritis,LT009,Visagino savivaldybė,30,Visagino savivaldybė,LT009_30,19178,58.07,330.25
LT,Lithuania,LT0,Lithuania,LT00,Utenos apskritis,LT009,Anykščių rajono savivaldybė,34,Anykščių seniūnija,LT009_3408,11960,380.26,31.45
LT,Lithuania,LT0,Lithuania,LT00,Utenos apskritis,LT009,Anykščių rajono savivaldybė,34,Andrioniškio seniūnija,LT009_3410,647,130.94,4.94
LT,Lithuania,LT0,Lithuania,LT00,Utenos apskritis,LT009,Anykščių rajono savivaldybė,34,Viešintų seniūnija,LT009_3413,1483,174.67,8.49
LT,Lithuania,LT0,Lithuania,LT00,Utenos apskritis,LT009,Anykščių rajono savivaldybė,34,Debeikių seniūnija,LT009_3418,1828,235.26,7.77
LT,Lithuania,LT0,Lithuania,LT00,Utenos apskritis,LT009,Anykščių rajono savivaldybė,34,Kavarsko seniūnija,LT009_3422,4451,368.45,12.08
LT,Lithuania,LT0,Lithuania,LT00,Utenos apskritis,LT009,Anykščių rajono savivaldybė,34,Kurklių seniūnija,LT009_3426,2597,205.32,12.65
LT,Lithuania,LT0,Lithuania,LT00,Utenos apskritis,LT009,Anykščių rajono savivaldybė,34,Svėdasų seniūnija,LT009_3442,2947,281.03,10.49
LT,Lithuania,LT0,Lithuania,LT00,Utenos apskritis,LT009,Anykščių rajono savivaldybė,34,Skiemonių seniūnija,LT009_3449,2164,235.13,9.2
LT,Lithuania,LT0,Lithuania,LT00,Utenos apskritis,LT009,Anykščių rajono savivaldybė,34,Traupio seniūnija,LT009_3462,947,111.71,8.48
LT,Lithuania,LT0,Lithuania,LT00,Utenos apskritis,LT009,Anykščių rajono savivaldybė,34,Troškūnų seniūnija,LT009_3469,3159,389.89,8.1
LT,Lithuania,LT0,Lithuania,LT00,Utenos apskritis,LT009,Zarasų rajono savivaldybė,43,Antazavės seniūnija,LT009_4307,1319,137.1,9.62
LT,Lithuania,LT0,Lithuania,LT00,Utenos apskritis,LT009,Zarasų rajono savivaldybė,43,Antalieptės seniūnija,LT009_4310,924,89.8,10.29
LT,Lithuania,LT0,Lithuania,LT00,Utenos apskritis,LT009,Zarasų rajono savivaldybė,43,Degučių seniūnija,LT009_4326,1310,192.07,6.82
LT,Lithuania,LT0,Lithuania,LT00,Utenos apskritis,LT009,Zarasų rajono savivaldybė,43,Dusetų seniūnija,LT009_4328,3959,256.58,15.43
LT,Lithuania,LT0,Lithuania,LT00,Utenos apskritis,LT009,Zarasų rajono savivaldybė,43,Zarasų seniūnija,LT009_4330,3206,304.13,10.54
LT,Lithuania,LT0,Lithuania,LT00,Utenos apskritis,LT009,Zarasų rajono savivaldybė,43,Imbrado seniūnija,LT009_4332,1247,166.82,7.48
LT,Lithuania,LT0,Lithuania,LT00,Utenos apskritis,LT009,Zarasų rajono savivaldybė,43,Salako seniūnija,LT009_4348,1438,266.98,5.39
LT,Lithuania,LT0,Lithuania,LT00,Utenos apskritis,LT009,Zarasų rajono savivaldybė,43,Zarasų miesto seniūnija,LT009_4350,5070,19.15,264.8
LT,Lithuania,LT0,Lithuania,LT00,Utenos apskritis,LT009,Zarasų rajono savivaldybė,43,Suvieko seniūnija,LT009_4362,726,174.42,4.16
LT,Lithuania,LT0,Lithuania,LT00,Utenos apskritis,LT009,Zarasų rajono savivaldybė,43,Turmanto seniūnija,LT009_4371,2904,247.56,11.73
LT,Lithuania,LT0,Lithuania,LT00,Utenos apskritis,LT009,Ignalinos rajono savivaldybė,45,Ignalinos miesto seniūnija,LT009_4501,473,8.46,55.89
LT,Lithuania,LT0,Lithuania,LT00,Utenos apskritis,LT009,Ignalinos rajono savivaldybė,45,Vidiškių seniūnija,LT009_4504,1347,82.94,16.24
LT,Lithuania,LT0,Lithuania,LT00,Utenos apskritis,LT009,Ignalinos rajono savivaldybė,45,Didžiasalio seniūnija,LT009_4520,1635,121.81,13.42
LT,Lithuania,LT0,Lithuania,LT00,Utenos apskritis,LT009,Ignalinos rajono savivaldybė,45,Dūkšto seniūnija,LT009_4522,2089,221.72,9.42
LT,Lithuania,LT0,Lithuania,LT00,Utenos apskritis,LT009,Ignalinos rajono savivaldybė,45,Ignalinos seniūnija,LT009_4525,1917,248.9,7.7
LT,Lithuania,LT0,Lithuania,LT00,Utenos apskritis,LT009,Ignalinos rajono savivaldybė,45,Kazitiškio seniūnija,LT009_4528,1659,330.12,5.03
LT,Lithuania,LT0,Lithuania,LT00,Utenos apskritis,LT009,Ignalinos rajono savivaldybė,45,Linkmenų seniūnija,LT009_4534,1214,184.85,6.57
LT,Lithuania,LT0,Lithuania,LT00,Utenos apskritis,LT009,Ignalinos rajono savivaldybė,45,Mielagėnų seniūnija,LT009_4537,850,159.02,5.35
LT,Lithuania,LT0,Lithuania,LT00,Utenos apskritis,LT009,Ignalinos rajono savivaldybė,45,Naujojo Daugėliškio seniūnija,LT009_4542,1637,256.9,6.37
LT,Lithuania,LT0,Lithuania,LT00,Utenos apskritis,LT009,Ignalinos rajono savivaldybė,45,Rimšės seniūnija,LT009_4549,1041,215.66,4.83
LT,Lithuania,LT0,Lithuania,LT00,Utenos apskritis,LT009,Ignalinos rajono savivaldybė,45,Tverečiaus  seniūnija,LT009_4559,591,109.71,5.39
LT,Lithuania,LT0,Lithuania,LT00,Utenos apskritis,LT009,Ignalinos rajono savivaldybė,45,Ceikinių seniūnija,LT009_4562,566,105.16,5.38
LT,Lithuania,LT0,Lithuania,LT00,Utenos apskritis,LT009,Molėtų rajono savivaldybė,62,Molėtų rajono savivaldybė,LT009_62,18407,1366.82,13.46
LT,Lithuania,LT0,Lithuania,LT00,Utenos apskritis,LT009,Utenos rajono savivaldybė,82,Utenos miesto seniūnija,LT009_8201,15622,22.02,709.53
LT,Lithuania,LT0,Lithuania,LT00,Utenos apskritis,LT009,Utenos rajono savivaldybė,82,Vyžuonų seniūnija,LT009_8206,4306,121.14,35.54
LT,Lithuania,LT0,Lithuania,LT00,Utenos apskritis,LT009,Utenos rajono savivaldybė,82,Daugailių seniūnija,LT009_8212,2862,223.51,12.8
LT,Lithuania,LT0,Lithuania,LT00,Utenos apskritis,LT009,Utenos rajono savivaldybė,82,Kuktiškių seniūnija,LT009_8223,1897,87.36,21.71
LT,Lithuania,LT0,Lithuania,LT00,Utenos apskritis,LT009,Utenos rajono savivaldybė,82,Leliūnų seniūnija,LT009_8226,5753,226.21,25.43
LT,Lithuania,LT0,Lithuania,LT00,Utenos apskritis,LT009,Utenos rajono savivaldybė,82,Saldutiškio seniūnija,LT009_8248,1787,162.56,10.99
LT,Lithuania,LT0,Lithuania,LT00,Utenos apskritis,LT009,Utenos rajono savivaldybė,82,Sudeikių seniūnija,LT009_8260,4066,146.72,27.71
LT,Lithuania,LT0,Lithuania,LT00,Utenos apskritis,LT009,Utenos rajono savivaldybė,82,Tauragnų seniūnija,LT009_8271,2684,303.53,8.84
LT,Lithuania,LT0,Lithuania,LT00,Utenos apskritis,LT009,Utenos rajono savivaldybė,82,Utenos seniūnija,LT009_8274,4707,206.68,22.77
LT,Lithuania,LT0,Lithuania,LT00,Utenos apskritis,LT009,Utenos rajono savivaldybė,82,Užpalių seniūnija,LT009_8276,3954,249.58,15.84
LT,Lithuania,LT0,Lithuania,LT00,Vilniaus apskritis,LT00A,Vilniaus miesto savivaldybė,13,Antakalnio seniūnija,LT00A_1301,69727,106.56,654.37
LT,Lithuania,LT0,Lithuania,LT00,Vilniaus apskritis,LT00A,Vilniaus miesto savivaldybė,13,Fabijoniškių seniūnija,LT00A_1302,17418,8.12,2145.42
LT,Lithuania,LT0,Lithuania,LT00,Vilniaus apskritis,LT00A,Vilniaus miesto savivaldybė,13,Justiniškių seniūnija,LT00A_1303,8400,4.19,2006.95
LT,Lithuania,LT0,Lithuania,LT00,Vilniaus apskritis,LT00A,Vilniaus miesto savivaldybė,13,Karoliniškių seniūnija,LT00A_1304,10711,5.82,1839.76
LT,Lithuania,LT0,Lithuania,LT00,Vilniaus apskritis,LT00A,Vilniaus miesto savivaldybė,13,Lazdynų seniūnija,LT00A_1305,16612,13.81,1202.54
LT,Lithuania,LT0,Lithuania,LT00,Vilniaus apskritis,LT00A,Vilniaus miesto savivaldybė,13,Naujamiesčio seniūnija,LT00A_1306,29026,6.63,4378.39
LT,Lithuania,LT0,Lithuania,LT00,Vilniaus apskritis,LT00A,Vilniaus miesto savivaldybė,13,Naujininkų seniūnija,LT00A_1307,38481,62.18,618.9
LT,Lithuania,LT0,Lithuania,LT00,Vilniaus apskritis,LT00A,Vilniaus miesto savivaldybė,13,Naujosios Vilnios seniūnija,LT00A_1308,63235,54.15,1167.88
LT,Lithuania,LT0,Lithuania,LT00,Vilniaus apskritis,LT00A,Vilniaus miesto savivaldybė,13,Panerių seniūnija,LT00A_1309,23226,108.1,214.86
LT,Lithuania,LT0,Lithuania,LT00,Vilniaus apskritis,LT00A,Vilniaus miesto savivaldybė,13,Pašilaičių seniūnija,LT00A_1310,17976,11.04,1628.27
LT,Lithuania,LT0,Lithuania,LT00,Vilniaus apskritis,LT00A,Vilniaus miesto savivaldybė,13,Pilaitės seniūnija,LT00A_1311,13387,19.8,675.98
LT,Lithuania,LT0,Lithuania,LT00,Vilniaus apskritis,LT00A,Vilniaus miesto savivaldybė,13,Rasų seniūnija,LT00A_1312,24566,21.42,1146.82
LT,Lithuania,LT0,Lithuania,LT00,Vilniaus apskritis,LT00A,Vilniaus miesto savivaldybė,13,Verkių seniūnija,LT00A_1313,72213,78.15,924.09
LT,Lithuania,LT0,Lithuania,LT00,Vilniaus apskritis,LT00A,Vilniaus miesto savivaldybė,13,Senamiesčio seniūnija,LT00A_1314,25265,6.39,3951.14
LT,Lithuania,LT0,Lithuania,LT00,Vilniaus apskritis,LT00A,Vilniaus miesto savivaldybė,13,Šeškinės seniūnija,LT00A_1315,18864,6.16,3062.05
LT,Lithuania,LT0,Lithuania,LT00,Vilniaus apskritis,LT00A,Vilniaus miesto savivaldybė,13,Šnipiškių seniūnija,LT00A_1316,14499,4.46,3252.57
LT,Lithuania,LT0,Lithuania,LT00,Vilniaus apskritis,LT00A,Vilniaus miesto savivaldybė,13,Vilkpėdės seniūnija,LT00A_1317,7676,15.18,505.82
LT,Lithuania,LT0,Lithuania,LT00,Vilniaus apskritis,LT00A,Vilniaus miesto savivaldybė,13,Viršuliškių seniūnija,LT00A_1318,5973,3.49,1711.32
LT,Lithuania,LT0,Lithuania,LT00,Vilniaus apskritis,LT00A,Vilniaus miesto savivaldybė,13,Žirmūnų seniūnija,LT00A_1319,24064,8,3009.46
LT,Lithuania,LT0,Lithuania,LT00,Vilniaus apskritis,LT00A,Vilniaus miesto savivaldybė,13,Žvėryno seniūnija,LT00A_1320,12845,3.58,3585.01
LT,Lithuania,LT0,Lithuania,LT00,Vilniaus apskritis,LT00A,Vilniaus miesto savivaldybė,13,Grigiškių seniūnija,LT00A_1321,10473,9.82,1066.52
LT,Lithuania,LT0,Lithuania,LT00,Vilniaus apskritis,LT00A,Vilniaus rajono savivaldybė,41,Nemenčinės miesto seniūnija,LT00A_4101,1846,5.41,341.1
LT,Lithuania,LT0,Lithuania,LT00,Vilniaus apskritis,LT00A,Vilniaus rajono savivaldybė,41,Avižienių seniūnija,LT00A_4102,8166,72.93,111.97
LT,Lithuania,LT0,Lithuania,LT00,Vilniaus apskritis,LT00A,Vilniaus rajono savivaldybė,41,Buivydžių seniūnija,LT00A_4107,851,136.62,6.23
LT,Lithuania,LT0,Lithuania,LT00,Vilniaus apskritis,LT00A,Vilniaus rajono savivaldybė,41,Bezdonių seniūnija,LT00A_4110,4253,168.57,25.23
LT,Lithuania,LT0,Lithuania,LT00,Vilniaus apskritis,LT00A,Vilniaus rajono savivaldybė,41,Zujūnų seniūnija,LT00A_4112,8344,90.36,92.34
LT,Lithuania,LT0,Lithuania,LT00,Vilniaus apskritis,LT00A,Vilniaus rajono savivaldybė,41,Pagirių seniūnija,LT00A_4115,4754,125.4,37.91
LT,Lithuania,LT0,Lithuania,LT00,Vilniaus apskritis,LT00A,Vilniaus rajono savivaldybė,41,Šatrininkų seniūnija,LT00A_4122,3145,48.44,64.93
LT,Lithuania,LT0,Lithuania,LT00,Vilniaus apskritis,LT00A,Vilniaus rajono savivaldybė,41,Dūkštų seniūnija,LT00A_4128,3298,128.6,25.65
LT,Lithuania,LT0,Lithuania,LT00,Vilniaus apskritis,LT00A,Vilniaus rajono savivaldybė,41,Kalvelių seniūnija,LT00A_4139,4597,166.56,27.6
LT,Lithuania,LT0,Lithuania,LT00,Vilniaus apskritis,LT00A,Vilniaus rajono savivaldybė,41,Lavoriškių seniūnija,LT00A_4142,2928,170.01,17.22
LT,Lithuania,LT0,Lithuania,LT00,Vilniaus apskritis,LT00A,Vilniaus rajono savivaldybė,41,Maišiagalos seniūnija,LT00A_4145,4266,139.63,30.55
LT,Lithuania,LT0,Lithuania,LT00,Vilniaus apskritis,LT00A,Vilniaus rajono savivaldybė,41,Marijampolio seniūnija,LT00A_4146,3529,168.62,20.93
LT,Lithuania,LT0,Lithuania,LT00,Vilniaus apskritis,LT00A,Vilniaus rajono savivaldybė,41,Mickūnų seniūnija,LT00A_4148,12647,134.15,94.27
LT,Lithuania,LT0,Lithuania,LT00,Vilniaus apskritis,LT00A,Vilniaus rajono savivaldybė,41,Medininkų seniūnija,LT00A_4151,936,89.45,10.46
LT,Lithuania,LT0,Lithuania,LT00,Vilniaus apskritis,LT00A,Vilniaus rajono savivaldybė,41,Nemenčinės seniūnija,LT00A_4154,3807,207.99,18.3
LT,Lithuania,LT0,Lithuania,LT00,Vilniaus apskritis,LT00A,Vilniaus rajono savivaldybė,41,Nemėžio seniūnija,LT00A_4157,4780,56.58,84.48
LT,Lithuania,LT0,Lithuania,LT00,Vilniaus apskritis,LT00A,Vilniaus rajono savivaldybė,41,Paberžės seniūnija,LT00A_4160,3905,291.99,13.37
LT,Lithuania,LT0,Lithuania,LT00,Vilniaus apskritis,LT00A,Vilniaus rajono savivaldybė,41,Riešės seniūnija,LT00A_4168,11027,144.47,76.33
LT,Lithuania,LT0,Lithuania,LT00,Vilniaus apskritis,LT00A,Vilniaus rajono savivaldybė,41,Rudaminos seniūnija,LT00A_4171,3891,73.63,52.85
LT,Lithuania,LT0,Lithuania,LT00,Vilniaus apskritis,LT00A,Vilniaus rajono savivaldybė,41,Rukainių seniūnija,LT00A_4174,2498,193.13,12.93
LT,Lithuania,LT0,Lithuania,LT00,Vilniaus apskritis,LT00A,Vilniaus rajono savivaldybė,41,Sudervės seniūnija,LT00A_4178,6308,98.1,64.3
LT,Lithuania,LT0,Lithuania,LT00,Vilniaus apskritis,LT00A,Vilniaus rajono savivaldybė,41,Sužionių seniūnija,LT00A_4181,2706,230.77,11.73
LT,Lithuania,LT0,Lithuania,LT00,Vilniaus apskritis,LT00A,Vilniaus rajono savivaldybė,41,Juodšilių seniūnija,LT00A_4194,4750,33.16,143.23
LT,Lithuania,LT0,Lithuania,LT00,Vilniaus apskritis,LT00A,Elektrėnų savivaldybė,42,Gilučių seniūnija,LT00A_4209,781,32.31,24.18
LT,Lithuania,LT0,Lithuania,LT00,Vilniaus apskritis,LT00A,Elektrėnų savivaldybė,42,Elektrėnų seniūnija,LT00A_4215,9464,64.31,147.17
LT,Lithuania,LT0,Lithuania,LT00,Vilniaus apskritis,LT00A,Elektrėnų savivaldybė,42,Pastrėvio seniūnija,LT00A_4216,1124,80.39,13.98
LT,Lithuania,LT0,Lithuania,LT00,Vilniaus apskritis,LT00A,Elektrėnų savivaldybė,42,Vievio seniūnija,LT00A_4218,9989,214.13,46.65
LT,Lithuania,LT0,Lithuania,LT00,Vilniaus apskritis,LT00A,Elektrėnų savivaldybė,42,Kazokiškių seniūnija,LT00A_4219,767,74.84,10.25
LT,Lithuania,LT0,Lithuania,LT00,Vilniaus apskritis,LT00A,Elektrėnų savivaldybė,42,Kietaviškių seniūnija,LT00A_4230,2898,88.72,32.66
LT,Lithuania,LT0,Lithuania,LT00,Vilniaus apskritis,LT00A,Elektrėnų savivaldybė,42,Semeliškių seniūnija,LT00A_4287,2069,105.81,19.55
LT,Lithuania,LT0,Lithuania,LT00,Vilniaus apskritis,LT00A,Elektrėnų savivaldybė,42,Beižionių seniūnija,LT00A_4288,708,45.75,15.48
LT,Lithuania,LT0,Lithuania,LT00,Vilniaus apskritis,LT00A,Trakų rajono savivaldybė,79,Aukštadvario seniūnija,LT00A_7904,3633,245.9,14.77
LT,Lithuania,LT0,Lithuania,LT00,Vilniaus apskritis,LT00A,Trakų rajono savivaldybė,79,Lentvario seniūnija,LT00A_7910,11097,85.87,129.24
LT,Lithuania,LT0,Lithuania,LT00,Vilniaus apskritis,LT00A,Trakų rajono savivaldybė,79,Grendavės seniūnija,LT00A_7927,889,96.26,9.24
LT,Lithuania,LT0,Lithuania,LT00,Vilniaus apskritis,LT00A,Trakų rajono savivaldybė,79,Onuškio seniūnija,LT00A_7969,3380,273.96,12.34
LT,Lithuania,LT0,Lithuania,LT00,Vilniaus apskritis,LT00A,Trakų rajono savivaldybė,79,Paluknio seniūnija,LT00A_7973,1680,185.66,9.05
LT,Lithuania,LT0,Lithuania,LT00,Vilniaus apskritis,LT00A,Trakų rajono savivaldybė,79,Rūdiškių seniūnija,LT00A_7981,4109,397.22,10.34
LT,Lithuania,LT0,Lithuania,LT00,Vilniaus apskritis,LT00A,Trakų rajono savivaldybė,79,Senųjų Trakų seniūnija,LT00A_7990,3088,110.91,27.84
LT,Lithuania,LT0,Lithuania,LT00,Vilniaus apskritis,LT00A,Trakų rajono savivaldybė,79,Trakų seniūnija,LT00A_7994,7468,279.97,26.67
LT,Lithuania,LT0,Lithuania,LT00,Vilniaus apskritis,LT00A,Ukmergės rajono savivaldybė,81,Ukmergės miesto seniūnija,LT00A_8101,16654,28.55,583.37
LT,Lithuania,LT0,Lithuania,LT00,Vilniaus apskritis,LT00A,Ukmergės rajono savivaldybė,81,Vidiškių seniūnija,LT00A_8112,4434,117.77,37.65
LT,Lithuania,LT0,Lithuania,LT00,Vilniaus apskritis,LT00A,Ukmergės rajono savivaldybė,81,Veprių seniūnija,LT00A_8118,1602,90.76,17.65
LT,Lithuania,LT0,Lithuania,LT00,Vilniaus apskritis,LT00A,Ukmergės rajono savivaldybė,81,Deltuvos seniūnija,LT00A_8124,3630,232.93,15.58
LT,Lithuania,LT0,Lithuania,LT00,Vilniaus apskritis,LT00A,Ukmergės rajono savivaldybė,81,Želvos seniūnija,LT00A_8129,3467,167.07,20.75
LT,Lithuania,LT0,Lithuania,LT00,Vilniaus apskritis,LT00A,Ukmergės rajono savivaldybė,81,Žemaitkiemio seniūnija,LT00A_8133,2040,113.64,17.95
LT,Lithuania,LT0,Lithuania,LT00,Vilniaus apskritis,LT00A,Ukmergės rajono savivaldybė,81,Lyduokių seniūnija,LT00A_8150,2451,107.64,22.77
LT,Lithuania,LT0,Lithuania,LT00,Vilniaus apskritis,LT00A,Ukmergės rajono savivaldybė,81,Pabaisko seniūnija,LT00A_8161,1968,142.88,13.77
LT,Lithuania,LT0,Lithuania,LT00,Vilniaus apskritis,LT00A,Ukmergės rajono savivaldybė,81,Siesikų seniūnija,LT00A_8172,2631,255.69,10.29
LT,Lithuania,LT0,Lithuania,LT00,Vilniaus apskritis,LT00A,Ukmergės rajono savivaldybė,81,Taujėnų seniūnija,LT00A_8177,2331,351.97,6.62
LT,Lithuania,LT0,Lithuania,LT00,Vilniaus apskritis,LT00A,Ukmergės rajono savivaldybė,81,Pivonijos seniūnija,LT00A_8185,3031,208.82,14.52
LT,Lithuania,LT0,Lithuania,LT00,Vilniaus apskritis,LT00A,Ukmergės rajono savivaldybė,81,Šešuolių seniūnija,LT00A_8190,2160,153.73,14.05
LT,Lithuania,LT0,Lithuania,LT00,Vilniaus apskritis,LT00A,Šalčininkų rajono savivaldybė,85,Baltosios Vokės seniūnija,LT00A_8503,851,91.74,9.28
LT,Lithuania,LT0,Lithuania,LT00,Vilniaus apskritis,LT00A,Šalčininkų rajono savivaldybė,85,Akmenynės seniūnija,LT00A_8505,1388,87.91,15.79
LT,Lithuania,LT0,Lithuania,LT00,Vilniaus apskritis,LT00A,Šalčininkų rajono savivaldybė,85,Butrimonių seniūnija,LT00A_8509,2327,132.24,17.6
LT,Lithuania,LT0,Lithuania,LT00,Vilniaus apskritis,LT00A,Šalčininkų rajono savivaldybė,85,Gerviškių seniūnija,LT00A_8514,2884,237.73,12.13
LT,Lithuania,LT0,Lithuania,LT00,Vilniaus apskritis,LT00A,Šalčininkų rajono savivaldybė,85,Dainavos seniūnija,LT00A_8519,892,76.92,11.6
LT,Lithuania,LT0,Lithuania,LT00,Vilniaus apskritis,LT00A,Šalčininkų rajono savivaldybė,85,Dieveniškių seniūnija,LT00A_8527,2831,214.8,13.18
LT,Lithuania,LT0,Lithuania,LT00,Vilniaus apskritis,LT00A,Šalčininkų rajono savivaldybė,85,Kalesninkų seniūnija,LT00A_8534,2264,136.45,16.59
LT,Lithuania,LT0,Lithuania,LT00,Vilniaus apskritis,LT00A,Šalčininkų rajono savivaldybė,85,Pabarės seniūnija,LT00A_8550,2033,346.47,5.87
LT,Lithuania,LT0,Lithuania,LT00,Vilniaus apskritis,LT00A,Šalčininkų rajono savivaldybė,85,Poškonių seniūnija,LT00A_8554,716,129.52,5.53
LT,Lithuania,LT0,Lithuania,LT00,Vilniaus apskritis,LT00A,Šalčininkų rajono savivaldybė,85,Turgelių seniūnija,LT00A_8563,2500,165.21,15.13
LT,Lithuania,LT0,Lithuania,LT00,Vilniaus apskritis,LT00A,Šalčininkų rajono savivaldybė,85,Šalčininkų seniūnija,LT00A_8575,9022,185.77,48.57
LT,Lithuania,LT0,Lithuania,LT00,Vilniaus apskritis,LT00A,Šalčininkų rajono savivaldybė,85,Eišiškių seniūnija,LT00A_8580,4610,94.87,48.59
LT,Lithuania,LT0,Lithuania,LT00,Vilniaus apskritis,LT00A,Šalčininkų rajono savivaldybė,85,Jašiūnų seniūnija,LT00A_8593,5161,161.59,31.94
LT,Lithuania,LT0,Lithuania,LT00,Vilniaus apskritis,LT00A,Švenčionių rajono savivaldybė,86,Švenčionių miesto seniūnija,LT00A_8601,3482,8.22,423.72
LT,Lithuania,LT0,Lithuania,LT00,Vilniaus apskritis,LT00A,Švenčionių rajono savivaldybė,86,Švenčionėlių miesto seniūnija,LT00A_8602,5583,8.35,668.3
LT,Lithuania,LT0,Lithuania,LT00,Vilniaus apskritis,LT00A,Švenčionių rajono savivaldybė,86,Pabradės miesto seniūnija,LT00A_8603,4900,15.48,316.62
LT,Lithuania,LT0,Lithuania,LT00,Vilniaus apskritis,LT00A,Švenčionių rajono savivaldybė,86,Adutiškio seniūnija,LT00A_8604,1274,175.6,7.26
LT,Lithuania,LT0,Lithuania,LT00,Vilniaus apskritis,LT00A,Švenčionių rajono savivaldybė,86,Kaltanėnų seniūnija,LT00A_8613,704,123.34,5.71
LT,Lithuania,LT0,Lithuania,LT00,Vilniaus apskritis,LT00A,Švenčionių rajono savivaldybė,86,Labanoro seniūnija,LT00A_8615,270,271.45,0.99
LT,Lithuania,LT0,Lithuania,LT00,Vilniaus apskritis,LT00A,Švenčionių rajono savivaldybė,86,Magūnų seniūnija,LT00A_8629,1676,148.53,11.28
LT,Lithuania,LT0,Lithuania,LT00,Vilniaus apskritis,LT00A,Švenčionių rajono savivaldybė,86,Pabradės seniūnija,LT00A_8644,2989,493.71,6.05
LT,Lithuania,LT0,Lithuania,LT00,Vilniaus apskritis,LT00A,Švenčionių rajono savivaldybė,86,Sarių seniūnija,LT00A_8657,491,181.17,2.71
LT,Lithuania,LT0,Lithuania,LT00,Vilniaus apskritis,LT00A,Švenčionių rajono savivaldybė,86,Svirkų seniūnija,LT00A_8659,1481,139.79,10.59
LT,Lithuania,LT0,Lithuania,LT00,Vilniaus apskritis,LT00A,Švenčionių rajono savivaldybė,86,Strūnaičio seniūnija,LT00A_8662,992,165.76,5.98
LT,Lithuania,LT0,Lithuania,LT00,Vilniaus apskritis,LT00A,Švenčionių rajono savivaldybė,86,Cirkliškio seniūnija,LT00A_8669,1196,69.9,17.11
LT,Lithuania,LT0,Lithuania,LT00,Vilniaus apskritis,LT00A,Švenčionių rajono savivaldybė,86,Švenčionėlių seniūnija,LT00A_8671,2830,347.1,8.15
LT,Lithuania,LT0,Lithuania,LT00,Vilniaus apskritis,LT00A,Švenčionių rajono savivaldybė,86,Švenčionių seniūnija,LT00A_8682,3511,232.25,15.12
LT,Lithuania,LT0,Lithuania,LT00,Vilniaus apskritis,LT00A,Širvintų rajono savivaldybė,89,Alionių seniūnija,LT00A_8904,1303,164.22,7.93
LT,Lithuania,LT0,Lithuania,LT00,Vilniaus apskritis,LT00A,Širvintų rajono savivaldybė,89,Kernavės seniūnija,LT00A_8910,911,46.73,19.49
LT,Lithuania,LT0,Lithuania,LT00,Vilniaus apskritis,LT00A,Širvintų rajono savivaldybė,89,Gelvonų seniūnija,LT00A_8923,1779,169.15,10.52
LT,Lithuania,LT0,Lithuania,LT00,Vilniaus apskritis,LT00A,Širvintų rajono savivaldybė,89,Zibalų seniūnija,LT00A_8934,831,192.71,4.31
LT,Lithuania,LT0,Lithuania,LT00,Vilniaus apskritis,LT00A,Širvintų rajono savivaldybė,89,Musninkų seniūnija,LT00A_8967,1625,109.56,14.83
LT,Lithuania,LT0,Lithuania,LT00,Vilniaus apskritis,LT00A,Širvintų rajono savivaldybė,89,Čiobiškio seniūnija,LT00A_8978,1191,119.28,9.98
LT,Lithuania,LT0,Lithuania,LT00,Vilniaus apskritis,LT00A,Širvintų rajono savivaldybė,89,Širvintų seniūnija,LT00A_8982,8560,256.33,33.39
LT,Lithuania,LT0,Lithuania,LT00,Vilniaus apskritis,LT00A,Širvintų rajono savivaldybė,89,Jauniūnų seniūnija,LT00A_8989,2582,213.85,12.07
