location_bg,country,nuts1,nuts2,nuts3,lau1
"България, ЮГОЗАПАДНА И ЮЖНА ЦЕНТРАЛНА БЪЛГАРИЯ, Югозападен, София област, Челопеч",Bulgaria,South-Western and South-Central Bulgaria,Southwestern,Sofia Province,Chelopech
"България, СЕВЕРНА И ЮГОИЗТОЧНА БЪЛГАРИЯ, Североизточен, Добрич, Шабла",Bulgaria,Northern and Eastern Bulgaria,Northeastern,Dobrich Province,Shabla
"България, СЕВЕРНА И ЮГОИЗТОЧНА БЪЛГАРИЯ, Югоизточен, Бургас, Созопол",Bulgaria,Northern and Eastern Bulgaria,Southeastern,Bourgas Province,Sozopol
"България, СЕВЕРНА И ЮГОИЗТОЧНА БЪЛГАРИЯ, Северозападен, Плевен, Пордим",Bulgaria,Northern and Eastern Bulgaria,Northwestern,Pleven Province,Pordim
На територията на ЕС,Within the EU,,,,
"България, СЕВЕРНА И ЮГОИЗТОЧНА БЪЛГАРИЯ, Северозападен, Плевен",Bulgaria,Northern and Eastern Bulgaria,Northwestern,Pleven Province,
"България, СЕВЕРНА И ЮГОИЗТОЧНА БЪЛГАРИЯ, Северен централен, Силистра",Bulgaria,Northern and Eastern Bulgaria,Northern Central,Silistra Province,
"България, СЕВЕРНА И ЮГОИЗТОЧНА БЪЛГАРИЯ, Югоизточен, Стара Загора, Мъглиж",Bulgaria,Northern and Eastern Bulgaria,Southeastern,Stara Zagora Province,Maglij
"България, СЕВЕРНА И ЮГОИЗТОЧНА БЪЛГАРИЯ, Югоизточен, Стара Загора, Опан",Bulgaria,Northern and Eastern Bulgaria,Southeastern,Stara Zagora Province,Opan
"България, ЮГОЗАПАДНА И ЮЖНА ЦЕНТРАЛНА БЪЛГАРИЯ, Южен централен, Пазарджик, Пазарджик",Bulgaria,South-Western and South-Central Bulgaria,Southern Central,Pazardjik Province,Pazardjik
"България, ЮГОЗАПАДНА И ЮЖНА ЦЕНТРАЛНА БЪЛГАРИЯ, Югозападен, София област, Правец",Bulgaria,South-Western and South-Central Bulgaria,Southwestern,Sofia Province,Pravets
"България, СЕВЕРНА И ЮГОИЗТОЧНА БЪЛГАРИЯ, Северен централен, Русе, Бяла",Bulgaria,Northern and Eastern Bulgaria,Northern Central,Rousse Province,Byala
"България, СЕВЕРНА И ЮГОИЗТОЧНА БЪЛГАРИЯ, Северозападен, Видин, Ружинци",Bulgaria,Northern and Eastern Bulgaria,Northwestern,Vidin Province,Rujintsi
"България, СЕВЕРНА И ЮГОИЗТОЧНА БЪЛГАРИЯ, Северен централен, Силистра, Главиница",Bulgaria,Northern and Eastern Bulgaria,Northern Central,Silistra Province,Glavinitsa
"България, ЮГОЗАПАДНА И ЮЖНА ЦЕНТРАЛНА БЪЛГАРИЯ, Южен централен, Хасково, Ивайловград",Bulgaria,South-Western and South-Central Bulgaria,Southern Central,Haskovo Province,Ivaylovgrad
"България, СЕВЕРНА И ЮГОИЗТОЧНА БЪЛГАРИЯ, Североизточен, Варна, Белослав",Bulgaria,Northern and Eastern Bulgaria,Northeastern,Varna Province,Beloslav
"България, СЕВЕРНА И ЮГОИЗТОЧНА БЪЛГАРИЯ, Северозападен, Монтана, Якимово",Bulgaria,Northern and Eastern Bulgaria,Northwestern,Montana Province,Yakimovo
"България, СЕВЕРНА И ЮГОИЗТОЧНА БЪЛГАРИЯ, Северозападен, Видин, Брегово",Bulgaria,Northern and Eastern Bulgaria,Northwestern,Vidin Province,Bregovo
"България, СЕВЕРНА И ЮГОИЗТОЧНА БЪЛГАРИЯ, Югоизточен",Bulgaria,Northern and Eastern Bulgaria,Southeastern,,
"България, СЕВЕРНА И ЮГОИЗТОЧНА БЪЛГАРИЯ, Северозападен, Враца, Козлодуй",Bulgaria,Northern and Eastern Bulgaria,Northwestern,Vratsa Province,Kozloduy
"България, ЮГОЗАПАДНА И ЮЖНА ЦЕНТРАЛНА БЪЛГАРИЯ, Югозападен, Благоевград, Сатовча",Bulgaria,South-Western and South-Central Bulgaria,Southwestern,Blagoevgrad Province,Satovcha
"България, СЕВЕРНА И ЮГОИЗТОЧНА БЪЛГАРИЯ, Североизточен, Варна, Дългопол",Bulgaria,Northern and Eastern Bulgaria,Northeastern,Varna Province,Dulgopol
"България, ЮГОЗАПАДНА И ЮЖНА ЦЕНТРАЛНА БЪЛГАРИЯ, Югозападен, София област, Божурище",Bulgaria,South-Western and South-Central Bulgaria,Southwestern,Sofia Province,Bojurishte
"България, СЕВЕРНА И ЮГОИЗТОЧНА БЪЛГАРИЯ, Северен централен, Габрово, Севлиево",Bulgaria,Northern and Eastern Bulgaria,Northern Central,Gabrovo Province,Sevlievo
"България, ЮГОЗАПАДНА И ЮЖНА ЦЕНТРАЛНА БЪЛГАРИЯ, Южен централен, Хасково, Стамболово",Bulgaria,South-Western and South-Central Bulgaria,Southern Central,Haskovo Province,Stambolovo
"България, СЕВЕРНА И ЮГОИЗТОЧНА БЪЛГАРИЯ, Североизточен, Варна, Девня",Bulgaria,Northern and Eastern Bulgaria,Northeastern,Varna Province,Devnya
"България, СЕВЕРНА И ЮГОИЗТОЧНА БЪЛГАРИЯ, Югоизточен, Сливен, Нова Загора",Bulgaria,Northern and Eastern Bulgaria,Southeastern,Sliven Province,Nova Zagora
"България, СЕВЕРНА И ЮГОИЗТОЧНА БЪЛГАРИЯ, Североизточен, Варна, Аврен",Bulgaria,Northern and Eastern Bulgaria,Northeastern,Varna Province,Avren
"България, СЕВЕРНА И ЮГОИЗТОЧНА БЪЛГАРИЯ, Североизточен, Шумен, Каспичан",Bulgaria,Northern and Eastern Bulgaria,Northeastern,Shoumen Province,Kaspichan
"България, СЕВЕРНА И ЮГОИЗТОЧНА БЪЛГАРИЯ, Северен централен, Велико Търново, Велико Търново",Bulgaria,Northern and Eastern Bulgaria,Northern Central,Veliko Turnovo Province,Veliko Turnovo
"България, СЕВЕРНА И ЮГОИЗТОЧНА БЪЛГАРИЯ, Югоизточен, Бургас, Средец",Bulgaria,Northern and Eastern Bulgaria,Southeastern,Bourgas Province,Sredets
"България, СЕВЕРНА И ЮГОИЗТОЧНА БЪЛГАРИЯ, Северен централен, Разград, Лозница",Bulgaria,Northern and Eastern Bulgaria,Northern Central,Razgrad Province,Loznitsa
"България, ЮГОЗАПАДНА И ЮЖНА ЦЕНТРАЛНА БЪЛГАРИЯ, Южен централен, Хасково, Свиленград",Bulgaria,South-Western and South-Central Bulgaria,Southern Central,Haskovo Province,Svilengrad
"България, ЮГОЗАПАДНА И ЮЖНА ЦЕНТРАЛНА БЪЛГАРИЯ, Южен централен, Смолян, Борино",Bulgaria,South-Western and South-Central Bulgaria,Southern Central,Smolyan Province,Borino
"България, СЕВЕРНА И ЮГОИЗТОЧНА БЪЛГАРИЯ, Югоизточен, Бургас, Камено",Bulgaria,Northern and Eastern Bulgaria,Southeastern,Bourgas Province,Kameno
"България, ЮГОЗАПАДНА И ЮЖНА ЦЕНТРАЛНА БЪЛГАРИЯ, Южен централен, Кърджали, Крумовград",Bulgaria,South-Western and South-Central Bulgaria,Southern Central,Kardjali Province,Krumovgrad
"България, СЕВЕРНА И ЮГОИЗТОЧНА БЪЛГАРИЯ, Северозападен, Монтана, Георги Дамяново",Bulgaria,Northern and Eastern Bulgaria,Northwestern,Montana Province,Georgi Damyanovo
"България, ЮГОЗАПАДНА И ЮЖНА ЦЕНТРАЛНА БЪЛГАРИЯ, Югозападен, София област, Етрополе",Bulgaria,South-Western and South-Central Bulgaria,Southwestern,Sofia Province,Etropole
"България, СЕВЕРНА И ЮГОИЗТОЧНА БЪЛГАРИЯ, Северозападен, Плевен, Никопол",Bulgaria,Northern and Eastern Bulgaria,Northwestern,Pleven Province,Nikopol
"България, СЕВЕРНА И ЮГОИЗТОЧНА БЪЛГАРИЯ, Северен централен, Велико Търново, Елена",Bulgaria,Northern and Eastern Bulgaria,Northern Central,Veliko Turnovo Province,Elena
"България, СЕВЕРНА И ЮГОИЗТОЧНА БЪЛГАРИЯ, Североизточен, Шумен, Каолиново",Bulgaria,Northern and Eastern Bulgaria,Northeastern,Shoumen Province,Kaolinovo
"България, ЮГОЗАПАДНА И ЮЖНА ЦЕНТРАЛНА БЪЛГАРИЯ, Южен централен, Пловдив, Родопи",Bulgaria,South-Western and South-Central Bulgaria,Southern Central,Plovdiv Province,Rodopi
"България, СЕВЕРНА И ЮГОИЗТОЧНА БЪЛГАРИЯ, Северозападен, Плевен, Червен бряг",Bulgaria,Northern and Eastern Bulgaria,Northwestern,Pleven Province,Cherven bryag
"България, ЮГОЗАПАДНА И ЮЖНА ЦЕНТРАЛНА БЪЛГАРИЯ, Южен централен, Пловдив, Пловдив",Bulgaria,South-Western and South-Central Bulgaria,Southern Central,Plovdiv Province,Plovdiv-city
"България, СЕВЕРНА И ЮГОИЗТОЧНА БЪЛГАРИЯ, Северен централен, Силистра, Алфатар",Bulgaria,Northern and Eastern Bulgaria,Northern Central,Silistra Province,Alfatar
"България, ЮГОЗАПАДНА И ЮЖНА ЦЕНТРАЛНА БЪЛГАРИЯ, Южен централен, Смолян, Рудозем",Bulgaria,South-Western and South-Central Bulgaria,Southern Central,Smolyan Province,Rudozem
"България, ЮГОЗАПАДНА И ЮЖНА ЦЕНТРАЛНА БЪЛГАРИЯ, Южен централен, Хасково",Bulgaria,South-Western and South-Central Bulgaria,Southern Central,Haskovo Province,
"България, СЕВЕРНА И ЮГОИЗТОЧНА БЪЛГАРИЯ, Северозападен, Ловеч, Тетевен",Bulgaria,Northern and Eastern Bulgaria,Northwestern,Lovech Province,Teteven
"България, ЮГОЗАПАДНА И ЮЖНА ЦЕНТРАЛНА БЪЛГАРИЯ, Югозападен, София град",Bulgaria,South-Western and South-Central Bulgaria,Southwestern,Sofia-city,
"България, СЕВЕРНА И ЮГОИЗТОЧНА БЪЛГАРИЯ, Югоизточен, Ямбол, Стралджа",Bulgaria,Northern and Eastern Bulgaria,Southeastern,Yambol Province,Straldja
"България, СЕВЕРНА И ЮГОИЗТОЧНА БЪЛГАРИЯ, Северозападен, Ловеч",Bulgaria,Northern and Eastern Bulgaria,Northwestern,Lovech Province,
"България, СЕВЕРНА И ЮГОИЗТОЧНА БЪЛГАРИЯ, Северен централен, Разград, Завет",Bulgaria,Northern and Eastern Bulgaria,Northern Central,Razgrad Province,Zavet
"България, ЮГОЗАПАДНА И ЮЖНА ЦЕНТРАЛНА БЪЛГАРИЯ, Югозападен, Благоевград, Сандански",Bulgaria,South-Western and South-Central Bulgaria,Southwestern,Blagoevgrad Province,Sandanski
"България, ЮГОЗАПАДНА И ЮЖНА ЦЕНТРАЛНА БЪЛГАРИЯ, Южен централен, Пловдив, Садово",Bulgaria,South-Western and South-Central Bulgaria,Southern Central,Plovdiv Province,Sadovo
"България, ЮГОЗАПАДНА И ЮЖНА ЦЕНТРАЛНА БЪЛГАРИЯ, Югозападен, София област, Костинброд",Bulgaria,South-Western and South-Central Bulgaria,Southwestern,Sofia Province,Kostinbrod
"България, ЮГОЗАПАДНА И ЮЖНА ЦЕНТРАЛНА БЪЛГАРИЯ, Югозападен, София област, Антон",Bulgaria,South-Western and South-Central Bulgaria,Southwestern,Sofia Province,Anton
"България, СЕВЕРНА И ЮГОИЗТОЧНА БЪЛГАРИЯ, Северозападен, Видин, Димово",Bulgaria,Northern and Eastern Bulgaria,Northwestern,Vidin Province,Dimovo
"България, СЕВЕРНА И ЮГОИЗТОЧНА БЪЛГАРИЯ, Северозападен, Видин, Макреш",Bulgaria,Northern and Eastern Bulgaria,Northwestern,Vidin Province,Makresh
"България, СЕВЕРНА И ЮГОИЗТОЧНА БЪЛГАРИЯ, Северен централен",Bulgaria,Northern and Eastern Bulgaria,Northern Central,,
"България, ЮГОЗАПАДНА И ЮЖНА ЦЕНТРАЛНА БЪЛГАРИЯ, Южен централен, Пловдив, Раковски",Bulgaria,South-Western and South-Central Bulgaria,Southern Central,Plovdiv Province,Rakovski
"България, СЕВЕРНА И ЮГОИЗТОЧНА БЪЛГАРИЯ, Северен централен, Русе, Сливо поле",Bulgaria,Northern and Eastern Bulgaria,Northern Central,Rousse Province,Slivo pole
"България, СЕВЕРНА И ЮГОИЗТОЧНА БЪЛГАРИЯ, Североизточен, Варна",Bulgaria,Northern and Eastern Bulgaria,Northeastern,Varna Province,
"България, СЕВЕРНА И ЮГОИЗТОЧНА БЪЛГАРИЯ, Северозападен, Видин, Кула",Bulgaria,Northern and Eastern Bulgaria,Northwestern,Vidin Province,Kula
"България, СЕВЕРНА И ЮГОИЗТОЧНА БЪЛГАРИЯ, Североизточен, Търговище",Bulgaria,Northern and Eastern Bulgaria,Northeastern,Turgovishte Province,
"България, ЮГОЗАПАДНА И ЮЖНА ЦЕНТРАЛНА БЪЛГАРИЯ, Югозападен, София област, Костенец",Bulgaria,South-Western and South-Central Bulgaria,Southwestern,Sofia Province,Kostenets
"България, ЮГОЗАПАДНА И ЮЖНА ЦЕНТРАЛНА БЪЛГАРИЯ, Южен централен, Пловдив, Сопот",Bulgaria,South-Western and South-Central Bulgaria,Southern Central,Plovdiv Province,Sopot
"България, СЕВЕРНА И ЮГОИЗТОЧНА БЪЛГАРИЯ, Северозападен, Монтана, Вълчедръм",Bulgaria,Northern and Eastern Bulgaria,Northwestern,Montana Province,Vulchedrum
"България, СЕВЕРНА И ЮГОИЗТОЧНА БЪЛГАРИЯ, Югоизточен, Стара Загора, Стара Загора",Bulgaria,Northern and Eastern Bulgaria,Southeastern,Stara Zagora Province,Stara Zagora
"България, СЕВЕРНА И ЮГОИЗТОЧНА БЪЛГАРИЯ, Югоизточен, Ямбол, Болярово",Bulgaria,Northern and Eastern Bulgaria,Southeastern,Yambol Province,Bolyarovo
"България, ЮГОЗАПАДНА И ЮЖНА ЦЕНТРАЛНА БЪЛГАРИЯ, Южен централен, Пловдив, Съединение",Bulgaria,South-Western and South-Central Bulgaria,Southern Central,Plovdiv Province,Saedinenie
"България, ЮГОЗАПАДНА И ЮЖНА ЦЕНТРАЛНА БЪЛГАРИЯ, Югозападен, София област, Мирково",Bulgaria,South-Western and South-Central Bulgaria,Southwestern,Sofia Province,Mirkovo
"България, ЮГОЗАПАДНА И ЮЖНА ЦЕНТРАЛНА БЪЛГАРИЯ, Южен централен, Пазарджик, Батак",Bulgaria,South-Western and South-Central Bulgaria,Southern Central,Pazardjik Province,Batak
"България, ЮГОЗАПАДНА И ЮЖНА ЦЕНТРАЛНА БЪЛГАРИЯ, Южен централен, Хасково, Любимец",Bulgaria,South-Western and South-Central Bulgaria,Southern Central,Haskovo Province,Lyubimets
"България, СЕВЕРНА И ЮГОИЗТОЧНА БЪЛГАРИЯ, Югоизточен, Сливен",Bulgaria,Northern and Eastern Bulgaria,Southeastern,Sliven Province,
Нидерландия,The Netherlands,,,,
"България, ЮГОЗАПАДНА И ЮЖНА ЦЕНТРАЛНА БЪЛГАРИЯ, Южен централен, Пловдив, Стамболийски",Bulgaria,South-Western and South-Central Bulgaria,Southern Central,Plovdiv Province,Stamboliyski
"България, ЮГОЗАПАДНА И ЮЖНА ЦЕНТРАЛНА БЪЛГАРИЯ, Югозападен, София област, Своге",Bulgaria,South-Western and South-Central Bulgaria,Southwestern,Sofia Province,Svoge
"България, СЕВЕРНА И ЮГОИЗТОЧНА БЪЛГАРИЯ, Северен централен, Габрово, Габрово",Bulgaria,Northern and Eastern Bulgaria,Northern Central,Gabrovo Province,Gabrovo
"България, ЮГОЗАПАДНА И ЮЖНА ЦЕНТРАЛНА БЪЛГАРИЯ, Южен централен, Пловдив, Брезово",Bulgaria,South-Western and South-Central Bulgaria,Southern Central,Plovdiv Province,Brezovo
"България, СЕВЕРНА И ЮГОИЗТОЧНА БЪЛГАРИЯ, Югоизточен, Бургас",Bulgaria,Northern and Eastern Bulgaria,Southeastern,Bourgas Province,
"България, ЮГОЗАПАДНА И ЮЖНА ЦЕНТРАЛНА БЪЛГАРИЯ, Южен централен, Смолян, Баните",Bulgaria,South-Western and South-Central Bulgaria,Southern Central,Smolyan Province,Banite
"България, ЮГОЗАПАДНА И ЮЖНА ЦЕНТРАЛНА БЪЛГАРИЯ, Южен централен, Кърджали",Bulgaria,South-Western and South-Central Bulgaria,Southern Central,Kardjali Province,
"България, СЕВЕРНА И ЮГОИЗТОЧНА БЪЛГАРИЯ, Североизточен",Bulgaria,Northern and Eastern Bulgaria,Northeastern,,
"България, ЮГОЗАПАДНА И ЮЖНА ЦЕНТРАЛНА БЪЛГАРИЯ, Югозападен, София област, Долна баня",Bulgaria,South-Western and South-Central Bulgaria,Southwestern,Sofia Province,Dolna banya
"България, СЕВЕРНА И ЮГОИЗТОЧНА БЪЛГАРИЯ, Северозападен, Ловеч, Угърчин",Bulgaria,Northern and Eastern Bulgaria,Northwestern,Lovech Province,Ugarchin
"България, ЮГОЗАПАДНА И ЮЖНА ЦЕНТРАЛНА БЪЛГАРИЯ, Югозападен",Bulgaria,South-Western and South-Central Bulgaria,Southwestern,,
"България, ЮГОЗАПАДНА И ЮЖНА ЦЕНТРАЛНА БЪЛГАРИЯ, Югозападен, Благоевград, Якоруда",Bulgaria,South-Western and South-Central Bulgaria,Southwestern,Blagoevgrad Province,Yakoruda
"България, СЕВЕРНА И ЮГОИЗТОЧНА БЪЛГАРИЯ, Северозападен",Bulgaria,Northern and Eastern Bulgaria,Northwestern,,
"България, ЮГОЗАПАДНА И ЮЖНА ЦЕНТРАЛНА БЪЛГАРИЯ, Южен централен, Пловдив",Bulgaria,South-Western and South-Central Bulgaria,Southern Central,Plovdiv Province,
"България, ЮГОЗАПАДНА И ЮЖНА ЦЕНТРАЛНА БЪЛГАРИЯ, Югозападен, Перник, Трън",Bulgaria,South-Western and South-Central Bulgaria,Southwestern,Pernik Province,Trun
"България, СЕВЕРНА И ЮГОИЗТОЧНА БЪЛГАРИЯ, Северозападен, Видин, Ново село",Bulgaria,Northern and Eastern Bulgaria,Northwestern,Vidin Province,Novo selo
"България, ЮГОЗАПАДНА И ЮЖНА ЦЕНТРАЛНА БЪЛГАРИЯ, Югозападен, София област, Копривщица",Bulgaria,South-Western and South-Central Bulgaria,Southwestern,Sofia Province,Koprivshtitsa
"България, ЮГОЗАПАДНА И ЮЖНА ЦЕНТРАЛНА БЪЛГАРИЯ, Югозападен, Кюстендил, Бобов дол",Bulgaria,South-Western and South-Central Bulgaria,Southwestern,Kyustendil Province,Bobov dol
"България, СЕВЕРНА И ЮГОИЗТОЧНА БЪЛГАРИЯ, Северен централен, Русе",Bulgaria,Northern and Eastern Bulgaria,Northern Central,Rousse Province,
"България, ЮГОЗАПАДНА И ЮЖНА ЦЕНТРАЛНА БЪЛГАРИЯ, Югозападен, София област, Елин Пелин",Bulgaria,South-Western and South-Central Bulgaria,Southwestern,Sofia Province,Elin Pelin
"България, ЮГОЗАПАДНА И ЮЖНА ЦЕНТРАЛНА БЪЛГАРИЯ, Югозападен, Перник",Bulgaria,South-Western and South-Central Bulgaria,Southwestern,Pernik Province,
"България, СЕВЕРНА И ЮГОИЗТОЧНА БЪЛГАРИЯ, Северен централен, Силистра, Дулово",Bulgaria,Northern and Eastern Bulgaria,Northern Central,Silistra Province,Dulovo
"България, СЕВЕРНА И ЮГОИЗТОЧНА БЪЛГАРИЯ, Североизточен, Шумен, Смядово",Bulgaria,Northern and Eastern Bulgaria,Northeastern,Shoumen Province,Smyadovo
"България, СЕВЕРНА И ЮГОИЗТОЧНА БЪЛГАРИЯ, Северозападен, Плевен, Искър",Bulgaria,Northern and Eastern Bulgaria,Northwestern,Pleven Province,Iskar
"България, ЮГОЗАПАДНА И ЮЖНА ЦЕНТРАЛНА БЪЛГАРИЯ, Южен централен, Смолян, Чепеларе",Bulgaria,South-Western and South-Central Bulgaria,Southern Central,Smolyan Province,Chepelare
"България, ЮГОЗАПАДНА И ЮЖНА ЦЕНТРАЛНА БЪЛГАРИЯ, Южен централен, Пловдив, Асеновград",Bulgaria,South-Western and South-Central Bulgaria,Southern Central,Plovdiv Province,Asenovgrad
"България, ЮГОЗАПАДНА И ЮЖНА ЦЕНТРАЛНА БЪЛГАРИЯ, Югозападен, Благоевград, Банско",Bulgaria,South-Western and South-Central Bulgaria,Southwestern,Blagoevgrad Province,Bansko
"България, СЕВЕРНА И ЮГОИЗТОЧНА БЪЛГАРИЯ, Северен централен, Русе, Ценово",Bulgaria,Northern and Eastern Bulgaria,Northern Central,Rousse Province,Tsenovo
"България, СЕВЕРНА И ЮГОИЗТОЧНА БЪЛГАРИЯ, Югоизточен, Стара Загора, Раднево",Bulgaria,Northern and Eastern Bulgaria,Southeastern,Stara Zagora Province,Radnevo
"България, ЮГОЗАПАДНА И ЮЖНА ЦЕНТРАЛНА БЪЛГАРИЯ, Южен централен, Смолян, Златоград",Bulgaria,South-Western and South-Central Bulgaria,Southern Central,Smolyan Province,Zlatograd
"България, СЕВЕРНА И ЮГОИЗТОЧНА БЪЛГАРИЯ, Северен централен, Велико Търново, Златарица",Bulgaria,Northern and Eastern Bulgaria,Northern Central,Veliko Turnovo Province,Zlataritsa
България,Bulgaria,,,,
"България, СЕВЕРНА И ЮГОИЗТОЧНА БЪЛГАРИЯ, Северозападен, Враца, Бяла Слатина",Bulgaria,Northern and Eastern Bulgaria,Northwestern,Vratsa Province,Byala Slatina
"България, СЕВЕРНА И ЮГОИЗТОЧНА БЪЛГАРИЯ, Североизточен, Добрич, Крушари",Bulgaria,Northern and Eastern Bulgaria,Northeastern,Dobrich Province,Krushari
"България, ЮГОЗАПАДНА И ЮЖНА ЦЕНТРАЛНА БЪЛГАРИЯ, Южен централен, Хасково, Минерални бани",Bulgaria,South-Western and South-Central Bulgaria,Southern Central,Haskovo Province,Mineralni bani
"България, СЕВЕРНА И ЮГОИЗТОЧНА БЪЛГАРИЯ, Югоизточен, Сливен, Твърдица",Bulgaria,Northern and Eastern Bulgaria,Southeastern,Sliven Province,Tvarditsa
"България, СЕВЕРНА И ЮГОИЗТОЧНА БЪЛГАРИЯ, Югоизточен, Бургас, Поморие",Bulgaria,Northern and Eastern Bulgaria,Southeastern,Bourgas Province,Pomorie
"България, ЮГОЗАПАДНА И ЮЖНА ЦЕНТРАЛНА БЪЛГАРИЯ, Южен централен, Хасково, Тополовград",Bulgaria,South-Western and South-Central Bulgaria,Southern Central,Haskovo Province,Topolovgrad
"България, ЮГОЗАПАДНА И ЮЖНА ЦЕНТРАЛНА БЪЛГАРИЯ, Югозападен, Благоевград, Разлог",Bulgaria,South-Western and South-Central Bulgaria,Southwestern,Blagoevgrad Province,Razlog
"България, ЮГОЗАПАДНА И ЮЖНА ЦЕНТРАЛНА БЪЛГАРИЯ, Югозападен, Благоевград, Петрич",Bulgaria,South-Western and South-Central Bulgaria,Southwestern,Blagoevgrad Province,Petrich
"България, СЕВЕРНА И ЮГОИЗТОЧНА БЪЛГАРИЯ, Северозападен, Плевен, Гулянци",Bulgaria,Northern and Eastern Bulgaria,Northwestern,Pleven Province,Gulyantsi
"България, СЕВЕРНА И ЮГОИЗТОЧНА БЪЛГАРИЯ, Североизточен, Шумен",Bulgaria,Northern and Eastern Bulgaria,Northeastern,Shoumen Province,
"България, ЮГОЗАПАДНА И ЮЖНА ЦЕНТРАЛНА БЪЛГАРИЯ, Южен централен, Хасково, Маджарово",Bulgaria,South-Western and South-Central Bulgaria,Southern Central,Haskovo Province,Madjarovo
"България, ЮГОЗАПАДНА И ЮЖНА ЦЕНТРАЛНА БЪЛГАРИЯ, Южен централен, Пазарджик, Септември",Bulgaria,South-Western and South-Central Bulgaria,Southern Central,Pazardjik Province,Septemvri
"България, ЮГОЗАПАДНА И ЮЖНА ЦЕНТРАЛНА БЪЛГАРИЯ, Южен централен, Пловдив, Първомай",Bulgaria,South-Western and South-Central Bulgaria,Southern Central,Plovdiv Province,Parvomay
"България, СЕВЕРНА И ЮГОИЗТОЧНА БЪЛГАРИЯ, Югоизточен, Стара Загора, Казанлък",Bulgaria,Northern and Eastern Bulgaria,Southeastern,Stara Zagora Province,Kazanluk
"България, ЮГОЗАПАДНА И ЮЖНА ЦЕНТРАЛНА БЪЛГАРИЯ, Южен централен, Пловдив, Перущица",Bulgaria,South-Western and South-Central Bulgaria,Southern Central,Plovdiv Province,Perushtitsa
"България, ЮГОЗАПАДНА И ЮЖНА ЦЕНТРАЛНА БЪЛГАРИЯ, Южен централен",Bulgaria,South-Western and South-Central Bulgaria,Southern Central,,
"България, СЕВЕРНА И ЮГОИЗТОЧНА БЪЛГАРИЯ, Североизточен, Добрич",Bulgaria,Northern and Eastern Bulgaria,Northeastern,Dobrich Province,
"България, СЕВЕРНА И ЮГОИЗТОЧНА БЪЛГАРИЯ, Северен централен, Силистра, Силистра",Bulgaria,Northern and Eastern Bulgaria,Northern Central,Silistra Province,Silistra
"България, СЕВЕРНА И ЮГОИЗТОЧНА БЪЛГАРИЯ, Северозападен, Плевен, Долна Митрополия",Bulgaria,Northern and Eastern Bulgaria,Northwestern,Pleven Province,Dolna Mitropolia
"България, СЕВЕРНА И ЮГОИЗТОЧНА БЪЛГАРИЯ, Северозападен, Враца, Оряхово",Bulgaria,Northern and Eastern Bulgaria,Northwestern,Vratsa Province,Oryahovo
"България, СЕВЕРНА И ЮГОИЗТОЧНА БЪЛГАРИЯ, Северен централен, Разград, Кубрат",Bulgaria,Northern and Eastern Bulgaria,Northern Central,Razgrad Province,Kubrat
"България, СЕВЕРНА И ЮГОИЗТОЧНА БЪЛГАРИЯ, Югоизточен, Ямбол, Ямбол",Bulgaria,Northern and Eastern Bulgaria,Southeastern,Yambol Province,Yambol-city
"България, СЕВЕРНА И ЮГОИЗТОЧНА БЪЛГАРИЯ, Северен централен, Русе, Ветово",Bulgaria,Northern and Eastern Bulgaria,Northern Central,Rousse Province,Vetovo
"България, СЕВЕРНА И ЮГОИЗТОЧНА БЪЛГАРИЯ, Югоизточен, Стара Загора",Bulgaria,Northern and Eastern Bulgaria,Southeastern,Stara Zagora Province,
"България, ЮГОЗАПАДНА И ЮЖНА ЦЕНТРАЛНА БЪЛГАРИЯ, Югозападен, Перник, Перник",Bulgaria,South-Western and South-Central Bulgaria,Southwestern,Pernik Province,Pernik
"България, СЕВЕРНА И ЮГОИЗТОЧНА БЪЛГАРИЯ, Североизточен, Шумен, Шумен",Bulgaria,Northern and Eastern Bulgaria,Northeastern,Shoumen Province,Shoumen
"България, ЮГОЗАПАДНА И ЮЖНА ЦЕНТРАЛНА БЪЛГАРИЯ, Югозападен, Кюстендил, Трекляно",Bulgaria,South-Western and South-Central Bulgaria,Southwestern,Kyustendil Province,Treklyano
"България, СЕВЕРНА И ЮГОИЗТОЧНА БЪЛГАРИЯ, Северен централен, Разград, Исперих",Bulgaria,Northern and Eastern Bulgaria,Northern Central,Razgrad Province,Isperih
"България, СЕВЕРНА И ЮГОИЗТОЧНА БЪЛГАРИЯ, Югоизточен, Стара Загора, Николаево",Bulgaria,Northern and Eastern Bulgaria,Southeastern,Stara Zagora Province,Nikolaevo
"България, СЕВЕРНА И ЮГОИЗТОЧНА БЪЛГАРИЯ, Североизточен, Варна, Долни чифлик",Bulgaria,Northern and Eastern Bulgaria,Northeastern,Varna Province,Dolni chiflik
"България, ЮГОЗАПАДНА И ЮЖНА ЦЕНТРАЛНА БЪЛГАРИЯ, Югозападен, София област, Годеч",Bulgaria,South-Western and South-Central Bulgaria,Southwestern,Sofia Province,Godech
"България, СЕВЕРНА И ЮГОИЗТОЧНА БЪЛГАРИЯ, Северозападен, Плевен, Левски",Bulgaria,Northern and Eastern Bulgaria,Northwestern,Pleven Province,Levski
"България, СЕВЕРНА И ЮГОИЗТОЧНА БЪЛГАРИЯ, Североизточен, Шумен, Никола Козлево",Bulgaria,Northern and Eastern Bulgaria,Northeastern,Shoumen Province,Nikola Kozlevo
"България, ЮГОЗАПАДНА И ЮЖНА ЦЕНТРАЛНА БЪЛГАРИЯ, Югозападен, София област, Чавдар",Bulgaria,South-Western and South-Central Bulgaria,Southwestern,Sofia Province,Chavdar
"България, ЮГОЗАПАДНА И ЮЖНА ЦЕНТРАЛНА БЪЛГАРИЯ, Югозападен, Благоевград, Белица",Bulgaria,South-Western and South-Central Bulgaria,Southwestern,Blagoevgrad Province,Belitsa
"България, СЕВЕРНА И ЮГОИЗТОЧНА БЪЛГАРИЯ, Североизточен, Търговище, Опака",Bulgaria,Northern and Eastern Bulgaria,Northeastern,Turgovishte Province,Opaka
"България, СЕВЕРНА И ЮГОИЗТОЧНА БЪЛГАРИЯ, Северозападен, Видин, Бойница",Bulgaria,Northern and Eastern Bulgaria,Northwestern,Vidin Province,Boynitsa
"България, ЮГОЗАПАДНА И ЮЖНА ЦЕНТРАЛНА БЪЛГАРИЯ, Южен централен, Смолян",Bulgaria,South-Western and South-Central Bulgaria,Southern Central,Smolyan Province,
"България, СЕВЕРНА И ЮГОИЗТОЧНА БЪЛГАРИЯ, Североизточен, Варна, Вълчи дол",Bulgaria,Northern and Eastern Bulgaria,Northeastern,Varna Province,Vulchi dol
"България, СЕВЕРНА И ЮГОИЗТОЧНА БЪЛГАРИЯ, Югоизточен, Сливен, Котел",Bulgaria,Northern and Eastern Bulgaria,Southeastern,Sliven Province,Kotel
"България, СЕВЕРНА И ЮГОИЗТОЧНА БЪЛГАРИЯ, Северен централен, Габрово, Дряново",Bulgaria,Northern and Eastern Bulgaria,Northern Central,Gabrovo Province,Dryanovo
Франция,France,,,,
"България, СЕВЕРНА И ЮГОИЗТОЧНА БЪЛГАРИЯ, Северен централен, Велико Търново, Свищов",Bulgaria,Northern and Eastern Bulgaria,Northern Central,Veliko Turnovo Province,Svishtov
"България, СЕВЕРНА И ЮГОИЗТОЧНА БЪЛГАРИЯ, Северен централен, Русе, Иваново",Bulgaria,Northern and Eastern Bulgaria,Northern Central,Rousse Province,Ivanovo
"България, ЮГОЗАПАДНА И ЮЖНА ЦЕНТРАЛНА БЪЛГАРИЯ",Bulgaria,South-Western and South-Central Bulgaria,,,
"България, СЕВЕРНА И ЮГОИЗТОЧНА БЪЛГАРИЯ, Северозападен, Видин",Bulgaria,Northern and Eastern Bulgaria,Northwestern,Vidin Province,
"България, СЕВЕРНА И ЮГОИЗТОЧНА БЪЛГАРИЯ, Североизточен, Шумен, Хитрино",Bulgaria,Northern and Eastern Bulgaria,Northeastern,Shoumen Province,Hitrino
"България, ЮГОЗАПАДНА И ЮЖНА ЦЕНТРАЛНА БЪЛГАРИЯ, Югозападен, Кюстендил, Сапарева баня",Bulgaria,South-Western and South-Central Bulgaria,Southwestern,Kyustendil Province,Sapareva banya
"България, СЕВЕРНА И ЮГОИЗТОЧНА БЪЛГАРИЯ, Северозападен, Плевен, Белене",Bulgaria,Northern and Eastern Bulgaria,Northwestern,Pleven Province,Belene
"България, ЮГОЗАПАДНА И ЮЖНА ЦЕНТРАЛНА БЪЛГАРИЯ, Южен централен, Пазарджик, Панагюрище",Bulgaria,South-Western and South-Central Bulgaria,Southern Central,Pazardjik Province,Panagyurishte
"България, ЮГОЗАПАДНА И ЮЖНА ЦЕНТРАЛНА БЪЛГАРИЯ, Югозападен, Кюстендил",Bulgaria,South-Western and South-Central Bulgaria,Southwestern,Kyustendil Province,
"България, СЕВЕРНА И ЮГОИЗТОЧНА БЪЛГАРИЯ, Югоизточен, Ямбол, Елхово",Bulgaria,Northern and Eastern Bulgaria,Southeastern,Yambol Province,Elhovo
"България, СЕВЕРНА И ЮГОИЗТОЧНА БЪЛГАРИЯ, Северозападен, Монтана",Bulgaria,Northern and Eastern Bulgaria,Northwestern,Montana Province,
"България, СЕВЕРНА И ЮГОИЗТОЧНА БЪЛГАРИЯ, Североизточен, Шумен, Върбица",Bulgaria,Northern and Eastern Bulgaria,Northeastern,Shoumen Province,Varbitsa
"България, СЕВЕРНА И ЮГОИЗТОЧНА БЪЛГАРИЯ, Северен централен, Разград, Самуил",Bulgaria,Northern and Eastern Bulgaria,Northern Central,Razgrad Province,Samuil
"България, ЮГОЗАПАДНА И ЮЖНА ЦЕНТРАЛНА БЪЛГАРИЯ, Южен централен, Пазарджик, Стрелча",Bulgaria,South-Western and South-Central Bulgaria,Southern Central,Pazardjik Province,Strelcha
"България, СЕВЕРНА И ЮГОИЗТОЧНА БЪЛГАРИЯ, Северен централен, Силистра, Ситово",Bulgaria,Northern and Eastern Bulgaria,Northern Central,Silistra Province,Sitovo
"България, СЕВЕРНА И ЮГОИЗТОЧНА БЪЛГАРИЯ, Югоизточен, Стара Загора, Павел баня",Bulgaria,Northern and Eastern Bulgaria,Southeastern,Stara Zagora Province,Pavel banya
"България, СЕВЕРНА И ЮГОИЗТОЧНА БЪЛГАРИЯ, Северен централен, Габрово",Bulgaria,Northern and Eastern Bulgaria,Northern Central,Gabrovo Province,
"България, СЕВЕРНА И ЮГОИЗТОЧНА БЪЛГАРИЯ, Северозападен, Ловеч, Априлци",Bulgaria,Northern and Eastern Bulgaria,Northwestern,Lovech Province,Apriltsi
"България, СЕВЕРНА И ЮГОИЗТОЧНА БЪЛГАРИЯ, Югоизточен, Бургас, Айтос",Bulgaria,Northern and Eastern Bulgaria,Southeastern,Bourgas Province,Aytos
"България, СЕВЕРНА И ЮГОИЗТОЧНА БЪЛГАРИЯ, Североизточен, Варна, Аксаково",Bulgaria,Northern and Eastern Bulgaria,Northeastern,Varna Province,Aksakovo
"България, СЕВЕРНА И ЮГОИЗТОЧНА БЪЛГАРИЯ, Североизточен, Шумен, Велики Преслав",Bulgaria,Northern and Eastern Bulgaria,Northeastern,Shoumen Province,Veliki Preslav
"България, СЕВЕРНА И ЮГОИЗТОЧНА БЪЛГАРИЯ, Северен централен, Велико Търново, Стражица",Bulgaria,Northern and Eastern Bulgaria,Northern Central,Veliko Turnovo Province,Strazhitsa
"България, ЮГОЗАПАДНА И ЮЖНА ЦЕНТРАЛНА БЪЛГАРИЯ, Южен централен, Хасково, Димитровград",Bulgaria,South-Western and South-Central Bulgaria,Southern Central,Haskovo Province,Dimitrovgrad
"България, СЕВЕРНА И ЮГОИЗТОЧНА БЪЛГАРИЯ, Северен централен, Габрово, Трявна",Bulgaria,Northern and Eastern Bulgaria,Northern Central,Gabrovo Province,Tryavna
"България, СЕВЕРНА И ЮГОИЗТОЧНА БЪЛГАРИЯ, Северозападен, Видин, Белоградчик",Bulgaria,Northern and Eastern Bulgaria,Northwestern,Vidin Province,Belogradchik
"България, СЕВЕРНА И ЮГОИЗТОЧНА БЪЛГАРИЯ, Северозападен, Ловеч, Луковит",Bulgaria,Northern and Eastern Bulgaria,Northwestern,Lovech Province,Lukovit
"България, СЕВЕРНА И ЮГОИЗТОЧНА БЪЛГАРИЯ, Северен централен, Велико Търново, Горна Оряховица",Bulgaria,Northern and Eastern Bulgaria,Northern Central,Veliko Turnovo Province,Gorna Oryahovitsa
"България, СЕВЕРНА И ЮГОИЗТОЧНА БЪЛГАРИЯ, Северозападен, Враца, Хайредин",Bulgaria,Northern and Eastern Bulgaria,Northwestern,Vratsa Province,Hayredin
"България, ЮГОЗАПАДНА И ЮЖНА ЦЕНТРАЛНА БЪЛГАРИЯ, Югозападен, Кюстендил, Дупница",Bulgaria,South-Western and South-Central Bulgaria,Southwestern,Kyustendil Province,Dupnitsa
"България, ЮГОЗАПАДНА И ЮЖНА ЦЕНТРАЛНА БЪЛГАРИЯ, Югозападен, Перник, Брезник",Bulgaria,South-Western and South-Central Bulgaria,Southwestern,Pernik Province,Breznik
"България, СЕВЕРНА И ЮГОИЗТОЧНА БЪЛГАРИЯ, Северозападен, Ловеч, Летница",Bulgaria,Northern and Eastern Bulgaria,Northwestern,Lovech Province,Letnitsa
"България, СЕВЕРНА И ЮГОИЗТОЧНА БЪЛГАРИЯ, Североизточен, Добрич, Тервел",Bulgaria,Northern and Eastern Bulgaria,Northeastern,Dobrich Province,Tervel
"България, ЮГОЗАПАДНА И ЮЖНА ЦЕНТРАЛНА БЪЛГАРИЯ, Южен централен, Пловдив, Калояново",Bulgaria,South-Western and South-Central Bulgaria,Southern Central,Plovdiv Province,Kaloyanovo
"България, СЕВЕРНА И ЮГОИЗТОЧНА БЪЛГАРИЯ, Североизточен, Добрич, Генерал Тошево",Bulgaria,Northern and Eastern Bulgaria,Northeastern,Dobrich Province,General Toshevo
"България, СЕВЕРНА И ЮГОИЗТОЧНА БЪЛГАРИЯ, Югоизточен, Стара Загора, Гурково",Bulgaria,Northern and Eastern Bulgaria,Southeastern,Stara Zagora Province,Gurkovo
"България, СЕВЕРНА И ЮГОИЗТОЧНА БЪЛГАРИЯ, Северен централен, Велико Търново, Павликени",Bulgaria,Northern and Eastern Bulgaria,Northern Central,Veliko Turnovo Province,Pavlikeni
"България, ЮГОЗАПАДНА И ЮЖНА ЦЕНТРАЛНА БЪЛГАРИЯ, Югозападен, Кюстендил, Бобошево",Bulgaria,South-Western and South-Central Bulgaria,Southwestern,Kyustendil Province,Boboshevo
"България, ЮГОЗАПАДНА И ЮЖНА ЦЕНТРАЛНА БЪЛГАРИЯ, Югозападен, София област, Сливница",Bulgaria,South-Western and South-Central Bulgaria,Southwestern,Sofia Province,Slivnitsa
"България, СЕВЕРНА И ЮГОИЗТОЧНА БЪЛГАРИЯ, Северозападен, Ловеч, Ловеч",Bulgaria,Northern and Eastern Bulgaria,Northwestern,Lovech Province,Lovech
"България, ЮГОЗАПАДНА И ЮЖНА ЦЕНТРАЛНА БЪЛГАРИЯ, Югозападен, София област, Ихтиман",Bulgaria,South-Western and South-Central Bulgaria,Southwestern,Sofia Province,Ihtiman
"България, СЕВЕРНА И ЮГОИЗТОЧНА БЪЛГАРИЯ, Североизточен, Добрич, Добрич-град",Bulgaria,Northern and Eastern Bulgaria,Northeastern,Dobrich Province,Dobrich-city
"България, ЮГОЗАПАДНА И ЮЖНА ЦЕНТРАЛНА БЪЛГАРИЯ, Южен централен, Кърджали, Ардино",Bulgaria,South-Western and South-Central Bulgaria,Southern Central,Kardjali Province,Ardino
"България, СЕВЕРНА И ЮГОИЗТОЧНА БЪЛГАРИЯ, Северен централен, Разград, Разград",Bulgaria,Northern and Eastern Bulgaria,Northern Central,Razgrad Province,Razgrad
"България, СЕВЕРНА И ЮГОИЗТОЧНА БЪЛГАРИЯ, Северен централен, Разград, Цар Калоян",Bulgaria,Northern and Eastern Bulgaria,Northern Central,Razgrad Province,Tsar Kaloyan
"България, ЮГОЗАПАДНА И ЮЖНА ЦЕНТРАЛНА БЪЛГАРИЯ, Югозападен, София област",Bulgaria,South-Western and South-Central Bulgaria,Southwestern,Sofia Province,
"България, ЮГОЗАПАДНА И ЮЖНА ЦЕНТРАЛНА БЪЛГАРИЯ, Южен централен, Хасково, Хасково",Bulgaria,South-Western and South-Central Bulgaria,Southern Central,Haskovo Province,Haskovo
"България, СЕВЕРНА И ЮГОИЗТОЧНА БЪЛГАРИЯ, Северен централен, Силистра, Кайнарджа",Bulgaria,Northern and Eastern Bulgaria,Northern Central,Silistra Province,Kaynardja
"България, ЮГОЗАПАДНА И ЮЖНА ЦЕНТРАЛНА БЪЛГАРИЯ, Югозападен, Благоевград, Гърмен",Bulgaria,South-Western and South-Central Bulgaria,Southwestern,Blagoevgrad Province,Gurmen
"България, СЕВЕРНА И ЮГОИЗТОЧНА БЪЛГАРИЯ, Северозападен, Монтана, Монтана",Bulgaria,Northern and Eastern Bulgaria,Northwestern,Montana Province,Montana
"България, СЕВЕРНА И ЮГОИЗТОЧНА БЪЛГАРИЯ, Северен централен, Велико Търново",Bulgaria,Northern and Eastern Bulgaria,Northern Central,Veliko Turnovo Province,
"България, ЮГОЗАПАДНА И ЮЖНА ЦЕНТРАЛНА БЪЛГАРИЯ, Югозападен, София област, Пирдоп",Bulgaria,South-Western and South-Central Bulgaria,Southwestern,Sofia Province,Pirdop
"България, СЕВЕРНА И ЮГОИЗТОЧНА БЪЛГАРИЯ, Северозападен, Монтана, Бойчиновци",Bulgaria,Northern and Eastern Bulgaria,Northwestern,Montana Province,Boychinovtsi
"България, ЮГОЗАПАДНА И ЮЖНА ЦЕНТРАЛНА БЪЛГАРИЯ, Южен централен, Пазарджик, Белово",Bulgaria,South-Western and South-Central Bulgaria,Southern Central,Pazardjik Province,Belovo
"България, СЕВЕРНА И ЮГОИЗТОЧНА БЪЛГАРИЯ, Североизточен, Търговище, Търговище",Bulgaria,Northern and Eastern Bulgaria,Northeastern,Turgovishte Province,Targovishte
"България, ЮГОЗАПАДНА И ЮЖНА ЦЕНТРАЛНА БЪЛГАРИЯ, Южен централен, Кърджали, Кърджали",Bulgaria,South-Western and South-Central Bulgaria,Southern Central,Kardjali Province,Kurdjali
Испания,Spain,,,,
"България, ЮГОЗАПАДНА И ЮЖНА ЦЕНТРАЛНА БЪЛГАРИЯ, Южен централен, Кърджали, Черноочене",Bulgaria,South-Western and South-Central Bulgaria,Southern Central,Kardjali Province,Chernoochene
"България, СЕВЕРНА И ЮГОИЗТОЧНА БЪЛГАРИЯ, Югоизточен, Стара Загора, Гълъбово",Bulgaria,Northern and Eastern Bulgaria,Southeastern,Stara Zagora Province,Galabovo
"България, СЕВЕРНА И ЮГОИЗТОЧНА БЪЛГАРИЯ, Североизточен, Търговище, Антоново",Bulgaria,Northern and Eastern Bulgaria,Northeastern,Turgovishte Province,Antonovo
"България, СЕВЕРНА И ЮГОИЗТОЧНА БЪЛГАРИЯ, Северозападен, Монтана, Брусарци",Bulgaria,Northern and Eastern Bulgaria,Northwestern,Montana Province,Brusartsi
"България, ЮГОЗАПАДНА И ЮЖНА ЦЕНТРАЛНА БЪЛГАРИЯ, Югозападен, София област, Горна Малина",Bulgaria,South-Western and South-Central Bulgaria,Southwestern,Sofia Province,Gorna Malina
"България, ЮГОЗАПАДНА И ЮЖНА ЦЕНТРАЛНА БЪЛГАРИЯ, Югозападен, Кюстендил, Рила",Bulgaria,South-Western and South-Central Bulgaria,Southwestern,Kyustendil Province,Rila
"България, СЕВЕРНА И ЮГОИЗТОЧНА БЪЛГАРИЯ, Северен централен, Велико Търново, Лясковец",Bulgaria,Northern and Eastern Bulgaria,Northern Central,Veliko Turnovo Province,Lyaskovets
"България, ЮГОЗАПАДНА И ЮЖНА ЦЕНТРАЛНА БЪЛГАРИЯ, Южен централен, Пловдив, Марица",Bulgaria,South-Western and South-Central Bulgaria,Southern Central,Plovdiv Province,Maritsa
"България, ЮГОЗАПАДНА И ЮЖНА ЦЕНТРАЛНА БЪЛГАРИЯ, Южен централен, Пловдив, Кричим",Bulgaria,South-Western and South-Central Bulgaria,Southern Central,Plovdiv Province,Krichim
"България, СЕВЕРНА И ЮГОИЗТОЧНА БЪЛГАРИЯ, Северозападен, Враца, Мездра",Bulgaria,Northern and Eastern Bulgaria,Northwestern,Vratsa Province,Mezdra
"България, СЕВЕРНА И ЮГОИЗТОЧНА БЪЛГАРИЯ, Югоизточен, Бургас, Руен",Bulgaria,Northern and Eastern Bulgaria,Southeastern,Bourgas Province,Ruen
"България, ЮГОЗАПАДНА И ЮЖНА ЦЕНТРАЛНА БЪЛГАРИЯ, Югозападен, София област, Самоков",Bulgaria,South-Western and South-Central Bulgaria,Southwestern,Sofia Province,Samokov
"България, ЮГОЗАПАДНА И ЮЖНА ЦЕНТРАЛНА БЪЛГАРИЯ, Югозападен, Кюстендил, Невестино",Bulgaria,South-Western and South-Central Bulgaria,Southwestern,Kyustendil Province,Nevestino
"България, СЕВЕРНА И ЮГОИЗТОЧНА БЪЛГАРИЯ, Северозападен, Монтана, Чипровци",Bulgaria,Northern and Eastern Bulgaria,Northwestern,Montana Province,Chiprovtsi
"България, ЮГОЗАПАДНА И ЮЖНА ЦЕНТРАЛНА БЪЛГАРИЯ, Южен централен, Смолян, Мадан",Bulgaria,South-Western and South-Central Bulgaria,Southern Central,Smolyan Province,Madan
Естония,Estonia,,,,
"България, СЕВЕРНА И ЮГОИЗТОЧНА БЪЛГАРИЯ, Северозападен, Враца, Роман",Bulgaria,Northern and Eastern Bulgaria,Northwestern,Vratsa Province,Roman
"България, ЮГОЗАПАДНА И ЮЖНА ЦЕНТРАЛНА БЪЛГАРИЯ, Югозападен, Перник, Земен",Bulgaria,South-Western and South-Central Bulgaria,Southwestern,Pernik Province,Zemen
"България, СЕВЕРНА И ЮГОИЗТОЧНА БЪЛГАРИЯ, Югоизточен, Бургас, Бургас",Bulgaria,Northern and Eastern Bulgaria,Southeastern,Bourgas Province,Bourgas
"България, СЕВЕРНА И ЮГОИЗТОЧНА БЪЛГАРИЯ, Северозападен, Ловеч, Ябланица",Bulgaria,Northern and Eastern Bulgaria,Northwestern,Lovech Province,Yablanitsa
"България, ЮГОЗАПАДНА И ЮЖНА ЦЕНТРАЛНА БЪЛГАРИЯ, Югозападен, София град, Столична",Bulgaria,South-Western and South-Central Bulgaria,Southwestern,Sofia-city,Stolichna
"България, СЕВЕРНА И ЮГОИЗТОЧНА БЪЛГАРИЯ, Североизточен, Варна, Провадия",Bulgaria,Northern and Eastern Bulgaria,Northeastern,Varna Province,Provadia
"България, ЮГОЗАПАДНА И ЮЖНА ЦЕНТРАЛНА БЪЛГАРИЯ, Южен централен, Смолян, Доспат",Bulgaria,South-Western and South-Central Bulgaria,Southern Central,Smolyan Province,Dospat
"България, ЮГОЗАПАДНА И ЮЖНА ЦЕНТРАЛНА БЪЛГАРИЯ, Южен централен, Пазарджик, Пещера",Bulgaria,South-Western and South-Central Bulgaria,Southern Central,Pazardjik Province,Peshtera
"България, ЮГОЗАПАДНА И ЮЖНА ЦЕНТРАЛНА БЪЛГАРИЯ, Югозападен, Благоевград, Кресна",Bulgaria,South-Western and South-Central Bulgaria,Southwestern,Blagoevgrad Province,Kresna
"България, ЮГОЗАПАДНА И ЮЖНА ЦЕНТРАЛНА БЪЛГАРИЯ, Южен централен, Пловдив, Лъки",Bulgaria,South-Western and South-Central Bulgaria,Southern Central,Plovdiv Province,Luki
"България, ЮГОЗАПАДНА И ЮЖНА ЦЕНТРАЛНА БЪЛГАРИЯ, Южен централен, Хасково, Симеоновград",Bulgaria,South-Western and South-Central Bulgaria,Southern Central,Haskovo Province,Simeonovgrad
"България, СЕВЕРНА И ЮГОИЗТОЧНА БЪЛГАРИЯ, Югоизточен, Стара Загора, Братя Даскалови",Bulgaria,Northern and Eastern Bulgaria,Southeastern,Stara Zagora Province,Bratya Daskalovi
"България, СЕВЕРНА И ЮГОИЗТОЧНА БЪЛГАРИЯ, Северен централен, Русе, Борово",Bulgaria,Northern and Eastern Bulgaria,Northern Central,Rousse Province,Borovo
"България, СЕВЕРНА И ЮГОИЗТОЧНА БЪЛГАРИЯ, Северозападен, Враца, Криводол",Bulgaria,Northern and Eastern Bulgaria,Northwestern,Vratsa Province,Krivodol
"България, ЮГОЗАПАДНА И ЮЖНА ЦЕНТРАЛНА БЪЛГАРИЯ, Южен централен, Кърджали, Джебел",Bulgaria,South-Western and South-Central Bulgaria,Southern Central,Kardjali Province,Djebel
"България, СЕВЕРНА И ЮГОИЗТОЧНА БЪЛГАРИЯ, Североизточен, Търговище, Попово",Bulgaria,Northern and Eastern Bulgaria,Northeastern,Turgovishte Province,Popovo
"България, СЕВЕРНА И ЮГОИЗТОЧНА БЪЛГАРИЯ, Североизточен, Варна, Ветрино",Bulgaria,Northern and Eastern Bulgaria,Northeastern,Varna Province,Vetrino
"България, СЕВЕРНА И ЮГОИЗТОЧНА БЪЛГАРИЯ, Северен централен, Велико Търново, Сухиндол",Bulgaria,Northern and Eastern Bulgaria,Northern Central,Veliko Turnovo Province,Suhindol
"България, СЕВЕРНА И ЮГОИЗТОЧНА БЪЛГАРИЯ, Северозападен, Враца, Мизия",Bulgaria,Northern and Eastern Bulgaria,Northwestern,Vratsa Province,Mizia
"България, ЮГОЗАПАДНА И ЮЖНА ЦЕНТРАЛНА БЪЛГАРИЯ, Южен централен, Пловдив, Хисаря",Bulgaria,South-Western and South-Central Bulgaria,Southern Central,Plovdiv Province,Hissarya
"България, ЮГОЗАПАДНА И ЮЖНА ЦЕНТРАЛНА БЪЛГАРИЯ, Южен централен, Пловдив, Карлово",Bulgaria,South-Western and South-Central Bulgaria,Southern Central,Plovdiv Province,Karlovo
"България, СЕВЕРНА И ЮГОИЗТОЧНА БЪЛГАРИЯ, Югоизточен, Ямбол",Bulgaria,Northern and Eastern Bulgaria,Southeastern,Yambol Province,
"България, СЕВЕРНА И ЮГОИЗТОЧНА БЪЛГАРИЯ",Bulgaria,Northern and Eastern Bulgaria,,,
"България, ЮГОЗАПАДНА И ЮЖНА ЦЕНТРАЛНА БЪЛГАРИЯ, Югозападен, Кюстендил, Кочериново",Bulgaria,South-Western and South-Central Bulgaria,Southwestern,Kyustendil Province,Kocherinovo
"България, СЕВЕРНА И ЮГОИЗТОЧНА БЪЛГАРИЯ, Югоизточен, Бургас, Карнобат",Bulgaria,Northern and Eastern Bulgaria,Southeastern,Bourgas Province,Karnobat
"България, СЕВЕРНА И ЮГОИЗТОЧНА БЪЛГАРИЯ, Североизточен, Търговище, Омуртаг",Bulgaria,Northern and Eastern Bulgaria,Northeastern,Turgovishte Province,Omurtag
"България, СЕВЕРНА И ЮГОИЗТОЧНА БЪЛГАРИЯ, Североизточен, Варна, Бяла",Bulgaria,Northern and Eastern Bulgaria,Northeastern,Varna Province,Byala
"България, СЕВЕРНА И ЮГОИЗТОЧНА БЪЛГАРИЯ, Североизточен, Добрич, Каварна",Bulgaria,Northern and Eastern Bulgaria,Northeastern,Dobrich Province,Kavarna
"България, ЮГОЗАПАДНА И ЮЖНА ЦЕНТРАЛНА БЪЛГАРИЯ, Южен централен, Пазарджик",Bulgaria,South-Western and South-Central Bulgaria,Southern Central,Pazardjik Province,
"България, СЕВЕРНА И ЮГОИЗТОЧНА БЪЛГАРИЯ, Северозападен, Враца",Bulgaria,Northern and Eastern Bulgaria,Northwestern,Vratsa Province,
"България, СЕВЕРНА И ЮГОИЗТОЧНА БЪЛГАРИЯ, Северен централен, Русе, Две могили",Bulgaria,Northern and Eastern Bulgaria,Northern Central,Rousse Province,Dve mogili
"България, ЮГОЗАПАДНА И ЮЖНА ЦЕНТРАЛНА БЪЛГАРИЯ, Южен централен, Хасково, Харманли",Bulgaria,South-Western and South-Central Bulgaria,Southern Central,Haskovo Province,Harmanli
"България, ЮГОЗАПАДНА И ЮЖНА ЦЕНТРАЛНА БЪЛГАРИЯ, Южен централен, Пазарджик, Велинград",Bulgaria,South-Western and South-Central Bulgaria,Southern Central,Pazardjik Province,Velingrad
"България, СЕВЕРНА И ЮГОИЗТОЧНА БЪЛГАРИЯ, Северозападен, Ловеч, Троян",Bulgaria,Northern and Eastern Bulgaria,Northwestern,Lovech Province,Troyan
"България, ЮГОЗАПАДНА И ЮЖНА ЦЕНТРАЛНА БЪЛГАРИЯ, Югозападен, София област, Златица",Bulgaria,South-Western and South-Central Bulgaria,Southwestern,Sofia Province,Zlatitsa
"България, СЕВЕРНА И ЮГОИЗТОЧНА БЪЛГАРИЯ, Североизточен, Варна, Суворово",Bulgaria,Northern and Eastern Bulgaria,Northeastern,Varna Province,Suvorovo
Германия,Germany,,,,
"България, СЕВЕРНА И ЮГОИЗТОЧНА БЪЛГАРИЯ, Североизточен, Шумен, Нови пазар",Bulgaria,Northern and Eastern Bulgaria,Northeastern,Shoumen Province,Novi pazar
"България, ЮГОЗАПАДНА И ЮЖНА ЦЕНТРАЛНА БЪЛГАРИЯ, Югозападен, Перник, Радомир",Bulgaria,South-Western and South-Central Bulgaria,Southwestern,Pernik Province,Radomir
"България, СЕВЕРНА И ЮГОИЗТОЧНА БЪЛГАРИЯ, Северозападен, Видин, Видин",Bulgaria,Northern and Eastern Bulgaria,Northwestern,Vidin Province,Vidin
"България, СЕВЕРНА И ЮГОИЗТОЧНА БЪЛГАРИЯ, Северозападен, Видин, Чупрене",Bulgaria,Northern and Eastern Bulgaria,Northwestern,Vidin Province,Chuprene
"България, ЮГОЗАПАДНА И ЮЖНА ЦЕНТРАЛНА БЪЛГАРИЯ, Южен централен, Кърджали, Момчилград",Bulgaria,South-Western and South-Central Bulgaria,Southern Central,Kardjali Province,Momchilgrad
"България, СЕВЕРНА И ЮГОИЗТОЧНА БЪЛГАРИЯ, Северозападен, Враца, Борован",Bulgaria,Northern and Eastern Bulgaria,Northwestern,Vratsa Province,Borovan
"България, ЮГОЗАПАДНА И ЮЖНА ЦЕНТРАЛНА БЪЛГАРИЯ, Южен централен, Пловдив, Куклен",Bulgaria,South-Western and South-Central Bulgaria,Southern Central,Plovdiv Province,Kuklen
"България, ЮГОЗАПАДНА И ЮЖНА ЦЕНТРАЛНА БЪЛГАРИЯ, Югозападен, София област, Ботевград",Bulgaria,South-Western and South-Central Bulgaria,Southwestern,Sofia Province,Botevgrad
"България, ЮГОЗАПАДНА И ЮЖНА ЦЕНТРАЛНА БЪЛГАРИЯ, Югозападен, Благоевград",Bulgaria,South-Western and South-Central Bulgaria,Southwestern,Blagoevgrad Province,
"България, СЕВЕРНА И ЮГОИЗТОЧНА БЪЛГАРИЯ, Северозападен, Плевен, Плевен",Bulgaria,Northern and Eastern Bulgaria,Northwestern,Pleven Province,Pleven
"България, СЕВЕРНА И ЮГОИЗТОЧНА БЪЛГАРИЯ, Североизточен, Добрич, Добрич-села",Bulgaria,Northern and Eastern Bulgaria,Northeastern,Dobrich Province,Dobrich
"България, СЕВЕРНА И ЮГОИЗТОЧНА БЪЛГАРИЯ, Североизточен, Добрич, Балчик",Bulgaria,Northern and Eastern Bulgaria,Northeastern,Dobrich Province,Balchik
"България, СЕВЕРНА И ЮГОИЗТОЧНА БЪЛГАРИЯ, Северен централен, Силистра, Тутракан",Bulgaria,Northern and Eastern Bulgaria,Northern Central,Silistra Province,Tutrakan
"България, СЕВЕРНА И ЮГОИЗТОЧНА БЪЛГАРИЯ, Югоизточен, Бургас, Приморско",Bulgaria,Northern and Eastern Bulgaria,Southeastern,Bourgas Province,Primorsko
"България, ЮГОЗАПАДНА И ЮЖНА ЦЕНТРАЛНА БЪЛГАРИЯ, Югозападен, София област, Драгоман",Bulgaria,South-Western and South-Central Bulgaria,Southwestern,Sofia Province,Dragoman
"България, ЮГОЗАПАДНА И ЮЖНА ЦЕНТРАЛНА БЪЛГАРИЯ, Югозападен, Благоевград, Симитли",Bulgaria,South-Western and South-Central Bulgaria,Southwestern,Blagoevgrad Province,Simitli
"България, ЮГОЗАПАДНА И ЮЖНА ЦЕНТРАЛНА БЪЛГАРИЯ, Югозападен, Перник, Ковачевци",Bulgaria,South-Western and South-Central Bulgaria,Southwestern,Pernik Province,Kovachevtsi
"България, СЕВЕРНА И ЮГОИЗТОЧНА БЪЛГАРИЯ, Северозападен, Монтана, Лом",Bulgaria,Northern and Eastern Bulgaria,Northwestern,Montana Province,Lom
"България, ЮГОЗАПАДНА И ЮЖНА ЦЕНТРАЛНА БЪЛГАРИЯ, Югозападен, Благоевград, Благоевград",Bulgaria,South-Western and South-Central Bulgaria,Southwestern,Blagoevgrad Province,Blagoevgrad
"България, ЮГОЗАПАДНА И ЮЖНА ЦЕНТРАЛНА БЪЛГАРИЯ, Южен централен, Пазарджик, Брацигово",Bulgaria,South-Western and South-Central Bulgaria,Southern Central,Pazardjik Province,Bratsigovo
"България, СЕВЕРНА И ЮГОИЗТОЧНА БЪЛГАРИЯ, Североизточен, Варна, Варна",Bulgaria,Northern and Eastern Bulgaria,Northeastern,Varna Province,Varna
"България, СЕВЕРНА И ЮГОИЗТОЧНА БЪЛГАРИЯ, Североизточен, Шумен, Венец",Bulgaria,Northern and Eastern Bulgaria,Northeastern,Shoumen Province,Venets
"България, СЕВЕРНА И ЮГОИЗТОЧНА БЪЛГАРИЯ, Югоизточен, Ямбол, Тунджа",Bulgaria,Northern and Eastern Bulgaria,Southeastern,Yambol Province,Toundzha
"България, ЮГОЗАПАДНА И ЮЖНА ЦЕНТРАЛНА БЪЛГАРИЯ, Югозападен, Благоевград, Струмяни",Bulgaria,South-Western and South-Central Bulgaria,Southwestern,Blagoevgrad Province,Strumyani
"България, ЮГОЗАПАДНА И ЮЖНА ЦЕНТРАЛНА БЪЛГАРИЯ, Югозападен, Благоевград, Хаджидимово",Bulgaria,South-Western and South-Central Bulgaria,Southwestern,Blagoevgrad Province,Hadjidimovo
"България, ЮГОЗАПАДНА И ЮЖНА ЦЕНТРАЛНА БЪЛГАРИЯ, Южен централен, Пазарджик, Ракитово",Bulgaria,South-Western and South-Central Bulgaria,Southern Central,Pazardjik Province,Rakitovo
"България, СЕВЕРНА И ЮГОИЗТОЧНА БЪЛГАРИЯ, Югоизточен, Бургас, Несебър",Bulgaria,Northern and Eastern Bulgaria,Southeastern,Bourgas Province,Nessebar
"България, СЕВЕРНА И ЮГОИЗТОЧНА БЪЛГАРИЯ, Югоизточен, Сливен, Сливен",Bulgaria,Northern and Eastern Bulgaria,Southeastern,Sliven Province,Sliven
"България, ЮГОЗАПАДНА И ЮЖНА ЦЕНТРАЛНА БЪЛГАРИЯ, Южен централен, Смолян, Смолян",Bulgaria,South-Western and South-Central Bulgaria,Southern Central,Smolyan Province,Smolyan
"България, СЕВЕРНА И ЮГОИЗТОЧНА БЪЛГАРИЯ, Северозападен, Монтана, Вършец",Bulgaria,Northern and Eastern Bulgaria,Northwestern,Montana Province,Varshets
"България, СЕВЕРНА И ЮГОИЗТОЧНА БЪЛГАРИЯ, Северен централен, Разград",Bulgaria,Northern and Eastern Bulgaria,Northern Central,Razgrad Province,
"България, СЕВЕРНА И ЮГОИЗТОЧНА БЪЛГАРИЯ, Северозападен, Враца, Враца",Bulgaria,Northern and Eastern Bulgaria,Northwestern,Vratsa Province,Vratsa
"България, ЮГОЗАПАДНА И ЮЖНА ЦЕНТРАЛНА БЪЛГАРИЯ, Южен централен, Пазарджик, Лесичово",Bulgaria,South-Western and South-Central Bulgaria,Southern Central,Pazardjik Province,Lesichovo
"България, ЮГОЗАПАДНА И ЮЖНА ЦЕНТРАЛНА БЪЛГАРИЯ, Югозападен, Кюстендил, Кюстендил",Bulgaria,South-Western and South-Central Bulgaria,Southwestern,Kyustendil Province,Kyustendil
"България, ЮГОЗАПАДНА И ЮЖНА ЦЕНТРАЛНА БЪЛГАРИЯ, Южен централен, Смолян, Девин",Bulgaria,South-Western and South-Central Bulgaria,Southern Central,Smolyan Province,Devin
"България, СЕВЕРНА И ЮГОИЗТОЧНА БЪЛГАРИЯ, Северен централен, Велико Търново, Полски Тръмбеш",Bulgaria,Northern and Eastern Bulgaria,Northern Central,Veliko Turnovo Province,Polski Trambesh
"България, СЕВЕРНА И ЮГОИЗТОЧНА БЪЛГАРИЯ, Северозападен, Плевен, Долни Дъбник",Bulgaria,Northern and Eastern Bulgaria,Northwestern,Pleven Province,Dolni Dabnik
"България, СЕВЕРНА И ЮГОИЗТОЧНА БЪЛГАРИЯ, Северозападен, Плевен, Кнежа",Bulgaria,Northern and Eastern Bulgaria,Northwestern,Pleven Province,Kneja
"България, СЕВЕРНА И ЮГОИЗТОЧНА БЪЛГАРИЯ, Югоизточен, Бургас, Малко Търново",Bulgaria,Northern and Eastern Bulgaria,Southeastern,Bourgas Province,Malko Turnovo
"България, СЕВЕРНА И ЮГОИЗТОЧНА БЪЛГАРИЯ, Югоизточен, Бургас, Царево",Bulgaria,Northern and Eastern Bulgaria,Southeastern,Bourgas Province,Tsarevo
"България, СЕВЕРНА И ЮГОИЗТОЧНА БЪЛГАРИЯ, Югоизточен, Бургас, Сунгурларе",Bulgaria,Northern and Eastern Bulgaria,Southeastern,Bourgas Province,Sungurlare
"България, ЮГОЗАПАДНА И ЮЖНА ЦЕНТРАЛНА БЪЛГАРИЯ, Южен централен, Смолян, Неделино",Bulgaria,South-Western and South-Central Bulgaria,Southern Central,Smolyan Province,Nedelino
"България, СЕВЕРНА И ЮГОИЗТОЧНА БЪЛГАРИЯ, Югоизточен, Стара Загора, Чирпан",Bulgaria,Northern and Eastern Bulgaria,Southeastern,Stara Zagora Province,Chirpan
"България, ЮГОЗАПАДНА И ЮЖНА ЦЕНТРАЛНА БЪЛГАРИЯ, Югозападен, Благоевград, Гоце Делчев",Bulgaria,South-Western and South-Central Bulgaria,Southwestern,Blagoevgrad Province,Gotse Delchev
"България, СЕВЕРНА И ЮГОИЗТОЧНА БЪЛГАРИЯ, Северозападен, Монтана, Медковец",Bulgaria,Northern and Eastern Bulgaria,Northwestern,Montana Province,Medkovets
Белгия,Belgium,,,,
"България, СЕВЕРНА И ЮГОИЗТОЧНА БЪЛГАРИЯ, Северозападен, Монтана, Берковица",Bulgaria,Northern and Eastern Bulgaria,Northwestern,Montana Province,Berkovitsa
"България, ЮГОЗАПАДНА И ЮЖНА ЦЕНТРАЛНА БЪЛГАРИЯ, Южен централен, Кърджали, Кирково",Bulgaria,South-Western and South-Central Bulgaria,Southern Central,Kardjali Province,Kirkovo
"България, СЕВЕРНА И ЮГОИЗТОЧНА БЪЛГАРИЯ, Северен централен, Русе, Русе",Bulgaria,Northern and Eastern Bulgaria,Northern Central,Rousse Province,Rousse
