""nuts1_name"",""nuts1_code"",""nuts2_name"",""nuts2_code"",""nuts3_name"",""nuts3_code"",""lau1_name"",""lau1_code"",""lau2_name"",""lau2_code"",""population"",""territory"",""density""
"Hrvatska","HR0","Jadranska Hrvatska","HR03","Primorsko-Goranska ","HR031","Primorsko-Goranska ","HR031","Bakar","HR031_00043","10401","143.29","72.59"
"Hrvatska","HR0","Jadranska Hrvatska","HR03","Primorsko-Goranska ","HR031","Primorsko-Goranska ","HR031","Baška","HR031_00086","1752","115.04","15.23"
"Hrvatska","HR0","Jadranska Hrvatska","HR03","Primorsko-Goranska ","HR031","Primorsko-Goranska ","HR031","Brod Moravice","HR031_00388","1251","72.51","17.25"
"Hrvatska","HR0","Jadranska Hrvatska","HR03","Primorsko-Goranska ","HR031","Primorsko-Goranska ","HR031","Cres","HR031_00523","3275","333.69","9.81"
"Hrvatska","HR0","Jadranska Hrvatska","HR03","Primorsko-Goranska ","HR031","Primorsko-Goranska ","HR031","Crikvenica","HR031_00531","11249","34.29","328.08"
"Hrvatska","HR0","Jadranska Hrvatska","HR03","Primorsko-Goranska ","HR031","Primorsko-Goranska ","HR031","Čabar","HR031_00558","4553","321.78","14.15"
"Hrvatska","HR0","Jadranska Hrvatska","HR03","Primorsko-Goranska ","HR031","Primorsko-Goranska ","HR031","Čavle","HR031_00612","6517","97.39","66.91"
"Hrvatska","HR0","Jadranska Hrvatska","HR03","Primorsko-Goranska ","HR031","Primorsko-Goranska ","HR031","Delnice","HR031_00698","8565","266.12","32.18"
"Hrvatska","HR0","Jadranska Hrvatska","HR03","Primorsko-Goranska ","HR031","Primorsko-Goranska ","HR031","Dobrinj","HR031_00744","8944","62.67","142.71"
"Hrvatska","HR0","Jadranska Hrvatska","HR03","Primorsko-Goranska ","HR031","Primorsko-Goranska ","HR031","Fužine","HR031_01171","2294","99.03","23.16"
"Hrvatska","HR0","Jadranska Hrvatska","HR03","Primorsko-Goranska ","HR031","Primorsko-Goranska ","HR031","Jelenje","HR031_01708","4625","124.87","37.04"
"Hrvatska","HR0","Jadranska Hrvatska","HR03","Primorsko-Goranska ","HR031","Primorsko-Goranska ","HR031","Kastav","HR031_01805","11291","13.33","847.04"
"Hrvatska","HR0","Jadranska Hrvatska","HR03","Primorsko-Goranska ","HR031","Primorsko-Goranska ","HR031","Klana","HR031_01864","2006","108.35","18.51"
"Hrvatska","HR0","Jadranska Hrvatska","HR03","Primorsko-Goranska ","HR031","Primorsko-Goranska ","HR031","Kraljevica","HR031_02097","4690","20.36","230.31"
"Hrvatska","HR0","Jadranska Hrvatska","HR03","Primorsko-Goranska ","HR031","Primorsko-Goranska ","HR031","Krk","HR031_02151","5234","127.5","41.05"
"Hrvatska","HR0","Jadranska Hrvatska","HR03","Primorsko-Goranska ","HR031","Primorsko-Goranska ","HR031","Lokve","HR031_02372","1261","48.82","25.83"
"Hrvatska","HR0","Jadranska Hrvatska","HR03","Primorsko-Goranska ","HR031","Primorsko-Goranska ","HR031","Lovran","HR031_02429","3611","23.07","156.51"
"Hrvatska","HR0","Jadranska Hrvatska","HR03","Primorsko-Goranska ","HR031","Primorsko-Goranska ","HR031","Mali Lošinj","HR031_02526","7923","260.63","30.4"
"Hrvatska","HR0","Jadranska Hrvatska","HR03","Primorsko-Goranska ","HR031","Primorsko-Goranska ","HR031","Malinska-Dubašnica","HR031_02534","2710","43.96","61.64"
"Hrvatska","HR0","Jadranska Hrvatska","HR03","Primorsko-Goranska ","HR031","Primorsko-Goranska ","HR031","Matulji","HR031_02615","8600","203.26","42.31"
"Hrvatska","HR0","Jadranska Hrvatska","HR03","Primorsko-Goranska ","HR031","Primorsko-Goranska ","HR031","Mošćenička Draga","HR031_02739","1688","51.98","32.47"
"Hrvatska","HR0","Jadranska Hrvatska","HR03","Primorsko-Goranska ","HR031","Primorsko-Goranska ","HR031","Mrkopalj","HR031_02755","2757","180.16","15.3"
"Hrvatska","HR0","Jadranska Hrvatska","HR03","Primorsko-Goranska ","HR031","Primorsko-Goranska ","HR031","Novi Vinodolski","HR031_02909","5969","300.16","19.89"
"Hrvatska","HR0","Jadranska Hrvatska","HR03","Primorsko-Goranska ","HR031","Primorsko-Goranska ","HR031","Omišalj","HR031_03018","3027","46.54","65.05"
"Hrvatska","HR0","Jadranska Hrvatska","HR03","Primorsko-Goranska ","HR031","Primorsko-Goranska ","HR031","Opatija","HR031_03026","13801","76.36","180.73"
"Hrvatska","HR0","Jadranska Hrvatska","HR03","Primorsko-Goranska ","HR031","Primorsko-Goranska ","HR031","Punat","HR031_03603","1853","40.9","45.3"
"Hrvatska","HR0","Jadranska Hrvatska","HR03","Primorsko-Goranska ","HR031","Primorsko-Goranska ","HR031","Rab","HR031_03638","9407","87.6","107.39"
"Hrvatska","HR0","Jadranska Hrvatska","HR03","Primorsko-Goranska ","HR031","Primorsko-Goranska ","HR031","Ravna Gora","HR031_03697","2778","94.48","29.4"
"Hrvatska","HR0","Jadranska Hrvatska","HR03","Primorsko-Goranska ","HR031","Primorsko-Goranska ","HR031","Rijeka","HR031_03735","128492","49.65","2587.99"
"Hrvatska","HR0","Jadranska Hrvatska","HR03","Primorsko-Goranska ","HR031","Primorsko-Goranska ","HR031","Skrad","HR031_03930","1389","61.32","22.65"
"Hrvatska","HR0","Jadranska Hrvatska","HR03","Primorsko-Goranska ","HR031","Primorsko-Goranska ","HR031","Vinodolska Općina","HR031_04880","3581","173.14","20.68"
"Hrvatska","HR0","Jadranska Hrvatska","HR03","Primorsko-Goranska ","HR031","Primorsko-Goranska ","HR031","Viškovo","HR031_04952","9375","21.03","445.73"
"Hrvatska","HR0","Jadranska Hrvatska","HR03","Primorsko-Goranska ","HR031","Primorsko-Goranska ","HR031","Vrbnik","HR031_05070","1264","56.59","22.34"
"Hrvatska","HR0","Jadranska Hrvatska","HR03","Primorsko-Goranska ","HR031","Primorsko-Goranska ","HR031","Vrbovsko","HR031_05096","6276","320.6","19.58"
"Hrvatska","HR0","Jadranska Hrvatska","HR03","Primorsko-Goranska ","HR031","Primorsko-Goranska ","HR031","Kostrena","HR031_05380","6195","13.87","446.69"
"Hrvatska","HR0","Jadranska Hrvatska","HR03","Primorsko-Goranska ","HR031","Primorsko-Goranska ","HR031","Lopar","HR031_06246","2117","31.94","66.29"
"Hrvatska","HR0","Jadranska Hrvatska","HR03","Ličko-Senjska ","HR032","Ličko-Senjska ","HR032","Brinje","HR032_00370","7696","375.48","20.5"
"Hrvatska","HR0","Jadranska Hrvatska","HR03","Ličko-Senjska ","HR032","Ličko-Senjska ","HR032","Donji Lapac","HR032_00841","8978","400.41","22.42"
"Hrvatska","HR0","Jadranska Hrvatska","HR03","Ličko-Senjska ","HR032","Ličko-Senjska ","HR032","Gospić","HR032_01309","15599","1098.45","14.2"
"Hrvatska","HR0","Jadranska Hrvatska","HR03","Ličko-Senjska ","HR032","Ličko-Senjska ","HR032","Karlobag","HR032_01783","2320","317.56","7.31"
"Hrvatska","HR0","Jadranska Hrvatska","HR03","Ličko-Senjska ","HR032","Ličko-Senjska ","HR032","Lovinac","HR032_02402","2374","386.11","6.15"
"Hrvatska","HR0","Jadranska Hrvatska","HR03","Ličko-Senjska ","HR032","Ličko-Senjska ","HR032","Novalja","HR032_02887","3875","109.58","35.36"
"Hrvatska","HR0","Jadranska Hrvatska","HR03","Ličko-Senjska ","HR032","Ličko-Senjska ","HR032","Otočac","HR032_03131","10346","641.52","16.13"
"Hrvatska","HR0","Jadranska Hrvatska","HR03","Ličko-Senjska ","HR032","Ličko-Senjska ","HR032","Perušić","HR032_03239","6099","432.27","14.11"
"Hrvatska","HR0","Jadranska Hrvatska","HR03","Ličko-Senjska ","HR032","Ličko-Senjska ","HR032","Senj","HR032_03875","13757","757.04","18.17"
"Hrvatska","HR0","Jadranska Hrvatska","HR03","Ličko-Senjska ","HR032","Ličko-Senjska ","HR032","Plitvička Jezera","HR032_04553","6867","535.18","12.83"
"Hrvatska","HR0","Jadranska Hrvatska","HR03","Ličko-Senjska ","HR032","Ličko-Senjska ","HR032","Udbina","HR032_04677","2561","772.87","3.31"
"Hrvatska","HR0","Jadranska Hrvatska","HR03","Ličko-Senjska ","HR032","Ličko-Senjska ","HR032","Vrhovine","HR032_05126","1538","253.52","6.07"
"Hrvatska","HR0","Jadranska Hrvatska","HR03","Zadarska ","HR033","Zadarska ","HR033","Benkovac","HR033_00175","10524","577.75","18.22"
"Hrvatska","HR0","Jadranska Hrvatska","HR03","Zadarska ","HR033","Zadarska ","HR033","Bibinje","HR033_00205","3646","14.64","249.02"
"Hrvatska","HR0","Jadranska Hrvatska","HR03","Zadarska ","HR033","Zadarska ","HR033","Biograd Na Moru","HR033_00221","4382","42.01","104.3"
"Hrvatska","HR0","Jadranska Hrvatska","HR03","Zadarska ","HR033","Zadarska ","HR033","Gračac","HR033_01317","7855","1080.3","7.27"
"Hrvatska","HR0","Jadranska Hrvatska","HR03","Zadarska ","HR033","Zadarska ","HR033","Jasenice","HR033_01678","1800","138.6","12.99"
"Hrvatska","HR0","Jadranska Hrvatska","HR03","Zadarska ","HR033","Zadarska ","HR033","Kali","HR033_01732","1581","9.99","158.2"
"Hrvatska","HR0","Jadranska Hrvatska","HR03","Zadarska ","HR033","Zadarska ","HR033","Lišane Ostrovičke","HR033_02348","792","55.3","14.32"
"Hrvatska","HR0","Jadranska Hrvatska","HR03","Zadarska ","HR033","Zadarska ","HR033","Nin","HR033_02828","2587","59.12","43.76"
"Hrvatska","HR0","Jadranska Hrvatska","HR03","Zadarska ","HR033","Zadarska ","HR033","Obrovac","HR033_02968","4867","396.89","12.26"
"Hrvatska","HR0","Jadranska Hrvatska","HR03","Zadarska ","HR033","Zadarska ","HR033","Pag","HR033_03166","3779","154.07","24.53"
"Hrvatska","HR0","Jadranska Hrvatska","HR03","Zadarska ","HR033","Zadarska ","HR033","Pakoštane","HR033_03174","3930","93.36","42.1"
"Hrvatska","HR0","Jadranska Hrvatska","HR03","Zadarska ","HR033","Zadarska ","HR033","Pašman","HR033_03204","2046","51.8","39.5"
"Hrvatska","HR0","Jadranska Hrvatska","HR03","Zadarska ","HR033","Zadarska ","HR033","Polača","HR033_03441","1259","33.81","37.24"
"Hrvatska","HR0","Jadranska Hrvatska","HR03","Zadarska ","HR033","Zadarska ","HR033","Poličnik","HR033_03450","4395","91.38","48.1"
"Hrvatska","HR0","Jadranska Hrvatska","HR03","Zadarska ","HR033","Zadarska ","HR033","Posedarje","HR033_03492","3593","87.49","41.07"
"Hrvatska","HR0","Jadranska Hrvatska","HR03","Zadarska ","HR033","Zadarska ","HR033","Preko","HR033_03549","3940","61.28","64.29"
"Hrvatska","HR0","Jadranska Hrvatska","HR03","Zadarska ","HR033","Zadarska ","HR033","Ražanac","HR033_03719","3036","78.52","38.67"
"Hrvatska","HR0","Jadranska Hrvatska","HR03","Zadarska ","HR033","Zadarska ","HR033","Sali","HR033_03794","2203","139.92","15.75"
"Hrvatska","HR0","Jadranska Hrvatska","HR03","Zadarska ","HR033","Zadarska ","HR033","Stankovci","HR033_04111","2349","76.93","30.54"
"Hrvatska","HR0","Jadranska Hrvatska","HR03","Zadarska ","HR033","Zadarska ","HR033","Starigrad","HR033_04162","3015","192.29","15.68"
"Hrvatska","HR0","Jadranska Hrvatska","HR03","Zadarska ","HR033","Zadarska ","HR033","Sukošan","HR033_04251","4971","63.66","78.08"
"Hrvatska","HR0","Jadranska Hrvatska","HR03","Zadarska ","HR033","Zadarska ","HR033","Sveti Filip I Jakov","HR033_04286","6845","53.11","128.87"
"Hrvatska","HR0","Jadranska Hrvatska","HR03","Zadarska ","HR033","Zadarska ","HR033","Škabrnja","HR033_04456","1471","25.4","57.92"
"Hrvatska","HR0","Jadranska Hrvatska","HR03","Zadarska ","HR033","Zadarska ","HR033","Vir","HR033_04898","1597","25.2","63.36"
"Hrvatska","HR0","Jadranska Hrvatska","HR03","Zadarska ","HR033","Zadarska ","HR033","Zadar","HR033_05207","71450","217.98","327.79"
"Hrvatska","HR0","Jadranska Hrvatska","HR03","Zadarska ","HR033","Zadarska ","HR033","Zemunik Donji","HR033_05258","1845","61.79","29.86"
"Hrvatska","HR0","Jadranska Hrvatska","HR03","Zadarska ","HR033","Zadarska ","HR033","Novigrad","HR033_05371","2413","58.13","41.51"
"Hrvatska","HR0","Jadranska Hrvatska","HR03","Zadarska ","HR033","Zadarska ","HR033","Galovac","HR033_05711","1069","10.49","101.9"
"Hrvatska","HR0","Jadranska Hrvatska","HR03","Zadarska ","HR033","Zadarska ","HR033","Kukljica","HR033_05720","667","8.41","79.35"
"Hrvatska","HR0","Jadranska Hrvatska","HR03","Zadarska ","HR033","Zadarska ","HR033","Povljana","HR033_05738","753","43.14","17.46"
"Hrvatska","HR0","Jadranska Hrvatska","HR03","Zadarska ","HR033","Zadarska ","HR033","Privlaka","HR033_05746","2006","13.54","148.14"
"Hrvatska","HR0","Jadranska Hrvatska","HR03","Zadarska ","HR033","Zadarska ","HR033","Tkon","HR033_05754","729","17.16","42.47"
"Hrvatska","HR0","Jadranska Hrvatska","HR03","Zadarska ","HR033","Zadarska ","HR033","Kolan","HR033_06220","1060","32.28","32.83"
"Hrvatska","HR0","Jadranska Hrvatska","HR03","Zadarska ","HR033","Zadarska ","HR033","Vrsi","HR033_06254","1564","41.72","37.49"
"Hrvatska","HR0","Jadranska Hrvatska","HR03","Šibensko-Kninska ","HR034","Šibensko-Kninska ","HR034","Civljane","HR034_00515","159","92.4","1.72"
"Hrvatska","HR0","Jadranska Hrvatska","HR03","Šibensko-Kninska ","HR034","Šibensko-Kninska ","HR034","Drniš","HR034_00957","14496","395.71","36.63"
"Hrvatska","HR0","Jadranska Hrvatska","HR03","Šibensko-Kninska ","HR034","Šibensko-Kninska ","HR034","Ervenik","HR034_01139","1100","238.49","4.61"
"Hrvatska","HR0","Jadranska Hrvatska","HR03","Šibensko-Kninska ","HR034","Šibensko-Kninska ","HR034","Kijevo","HR034_01830","560","83.91","6.67"
"Hrvatska","HR0","Jadranska Hrvatska","HR03","Šibensko-Kninska ","HR034","Šibensko-Kninska ","HR034","Kistanje","HR034_01848","3083","274.55","11.23"
"Hrvatska","HR0","Jadranska Hrvatska","HR03","Šibensko-Kninska ","HR034","Šibensko-Kninska ","HR034","Knin","HR034_01961","17698","398.76","44.38"
"Hrvatska","HR0","Jadranska Hrvatska","HR03","Šibensko-Kninska ","HR034","Šibensko-Kninska ","HR034","Promina","HR034_02984","2778","156.47","17.75"
"Hrvatska","HR0","Jadranska Hrvatska","HR03","Šibensko-Kninska ","HR034","Šibensko-Kninska ","HR034","Biskupija","HR034_03107","2608","150.26","17.36"
"Hrvatska","HR0","Jadranska Hrvatska","HR03","Šibensko-Kninska ","HR034","Šibensko-Kninska ","HR034","Primošten","HR034_03573","3050","66.57","45.82"
"Hrvatska","HR0","Jadranska Hrvatska","HR03","Šibensko-Kninska ","HR034","Šibensko-Kninska ","HR034","Ružić","HR034_03778","1907","180.36","10.57"
"Hrvatska","HR0","Jadranska Hrvatska","HR03","Šibensko-Kninska ","HR034","Šibensko-Kninska ","HR034","Skradin","HR034_03948","4310","208.54","20.67"
"Hrvatska","HR0","Jadranska Hrvatska","HR03","Šibensko-Kninska ","HR034","Šibensko-Kninska ","HR034","Šibenik","HR034_04448","49322","450.52","109.48"
"Hrvatska","HR0","Jadranska Hrvatska","HR03","Šibensko-Kninska ","HR034","Šibensko-Kninska ","HR034","Tisno","HR034_04545","3033","74.29","40.83"
"Hrvatska","HR0","Jadranska Hrvatska","HR03","Šibensko-Kninska ","HR034","Šibensko-Kninska ","HR034","Unešić","HR034_04693","2660","211.62","12.57"
"Hrvatska","HR0","Jadranska Hrvatska","HR03","Šibensko-Kninska ","HR034","Šibensko-Kninska ","HR034","Vodice","HR034_05002","7944","105.4","75.37"
"Hrvatska","HR0","Jadranska Hrvatska","HR03","Šibensko-Kninska ","HR034","Šibensko-Kninska ","HR034","Pirovac","HR034_05819","1721","43.93","39.18"
"Hrvatska","HR0","Jadranska Hrvatska","HR03","Šibensko-Kninska ","HR034","Šibensko-Kninska ","HR034","Rogoznica","HR034_05827","2273","77.8","29.22"
"Hrvatska","HR0","Jadranska Hrvatska","HR03","Šibensko-Kninska ","HR034","Šibensko-Kninska ","HR034","Murter-Kornati","HR034_06173","6412","80.66","79.49"
"Hrvatska","HR0","Jadranska Hrvatska","HR03","Šibensko-Kninska ","HR034","Šibensko-Kninska ","HR034","Bilice","HR034_06211","2927","28.93","101.17"
"Hrvatska","HR0","Jadranska Hrvatska","HR03","Šibensko-Kninska ","HR034","Šibensko-Kninska ","HR034","Tribunj","HR034_06262","1642","17.04","96.33"
"Hrvatska","HR0","Jadranska Hrvatska","HR03","Splitsko-Dalmatinska ","HR035","Splitsko-Dalmatinska ","HR035","Baška Voda","HR035_00094","2964","28.26","104.88"
"Hrvatska","HR0","Jadranska Hrvatska","HR03","Splitsko-Dalmatinska ","HR035","Splitsko-Dalmatinska ","HR035","Bol","HR035_00272","2961","23.92","123.8"
"Hrvatska","HR0","Jadranska Hrvatska","HR03","Splitsko-Dalmatinska ","HR035","Splitsko-Dalmatinska ","HR035","Cista Provo","HR035_00507","3961","119.62","33.11"
"Hrvatska","HR0","Jadranska Hrvatska","HR03","Splitsko-Dalmatinska ","HR035","Splitsko-Dalmatinska ","HR035","Dicmo","HR035_00728","2684","77.01","34.85"
"Hrvatska","HR0","Jadranska Hrvatska","HR03","Splitsko-Dalmatinska ","HR035","Splitsko-Dalmatinska ","HR035","Brela","HR035_00779","1628","29.74","54.74"
"Hrvatska","HR0","Jadranska Hrvatska","HR03","Splitsko-Dalmatinska ","HR035","Splitsko-Dalmatinska ","HR035","Muć","HR035_00876","4459","249.33","17.88"
"Hrvatska","HR0","Jadranska Hrvatska","HR03","Splitsko-Dalmatinska ","HR035","Splitsko-Dalmatinska ","HR035","Proložac","HR035_00884","4420","60.15","73.48"
"Hrvatska","HR0","Jadranska Hrvatska","HR03","Splitsko-Dalmatinska ","HR035","Splitsko-Dalmatinska ","HR035","Dugi Rat","HR035_01007","5400","11.83","456.38"
"Hrvatska","HR0","Jadranska Hrvatska","HR03","Splitsko-Dalmatinska ","HR035","Splitsko-Dalmatinska ","HR035","Gradac","HR035_01341","3413","80.71","42.29"
"Hrvatska","HR0","Jadranska Hrvatska","HR03","Splitsko-Dalmatinska ","HR035","Splitsko-Dalmatinska ","HR035","Hrvace","HR035_01481","4958","231.85","21.38"
"Hrvatska","HR0","Jadranska Hrvatska","HR03","Splitsko-Dalmatinska ","HR035","Splitsko-Dalmatinska ","HR035","Hvar","HR035_01538","4156","84.4","49.24"
"Hrvatska","HR0","Jadranska Hrvatska","HR03","Splitsko-Dalmatinska ","HR035","Splitsko-Dalmatinska ","HR035","Imotski","HR035_01554","10394","64.99","159.94"
"Hrvatska","HR0","Jadranska Hrvatska","HR03","Splitsko-Dalmatinska ","HR035","Splitsko-Dalmatinska ","HR035","Jelsa","HR035_01716","3716","157.96","23.52"
"Hrvatska","HR0","Jadranska Hrvatska","HR03","Splitsko-Dalmatinska ","HR035","Splitsko-Dalmatinska ","HR035","Kaštela","HR035_01813","33409","64.93","514.53"
"Hrvatska","HR0","Jadranska Hrvatska","HR03","Splitsko-Dalmatinska ","HR035","Splitsko-Dalmatinska ","HR035","Klis","HR035_01929","4268","165.16","25.84"
"Hrvatska","HR0","Jadranska Hrvatska","HR03","Splitsko-Dalmatinska ","HR035","Splitsko-Dalmatinska ","HR035","Komiža","HR035_01970","1684","53.32","31.58"
"Hrvatska","HR0","Jadranska Hrvatska","HR03","Splitsko-Dalmatinska ","HR035","Splitsko-Dalmatinska ","HR035","Lovreć","HR035_02437","2989","117.36","25.47"
"Hrvatska","HR0","Jadranska Hrvatska","HR03","Splitsko-Dalmatinska ","HR035","Splitsko-Dalmatinska ","HR035","Makarska","HR035_02496","13700","41.57","329.6"
"Hrvatska","HR0","Jadranska Hrvatska","HR03","Splitsko-Dalmatinska ","HR035","Splitsko-Dalmatinska ","HR035","Marina","HR035_02585","4788","131.14","36.51"
"Hrvatska","HR0","Jadranska Hrvatska","HR03","Splitsko-Dalmatinska ","HR035","Splitsko-Dalmatinska ","HR035","Milna","HR035_02674","1271","42.46","29.93"
"Hrvatska","HR0","Jadranska Hrvatska","HR03","Splitsko-Dalmatinska ","HR035","Splitsko-Dalmatinska ","HR035","Nerežišća","HR035_02801","955","86.07","11.1"
"Hrvatska","HR0","Jadranska Hrvatska","HR03","Splitsko-Dalmatinska ","HR035","Splitsko-Dalmatinska ","HR035","Omiš","HR035_03000","18369","296.28","62.0"
"Hrvatska","HR0","Jadranska Hrvatska","HR03","Splitsko-Dalmatinska ","HR035","Splitsko-Dalmatinska ","HR035","Otok","HR035_03140","5596","104.44","53.58"
"Hrvatska","HR0","Jadranska Hrvatska","HR03","Splitsko-Dalmatinska ","HR035","Splitsko-Dalmatinska ","HR035","Podbablje","HR035_03379","4532","49.3","91.93"
"Hrvatska","HR0","Jadranska Hrvatska","HR03","Splitsko-Dalmatinska ","HR035","Splitsko-Dalmatinska ","HR035","Podgora","HR035_03395","2953","85.17","34.67"
"Hrvatska","HR0","Jadranska Hrvatska","HR03","Splitsko-Dalmatinska ","HR035","Splitsko-Dalmatinska ","HR035","Podstrana","HR035_03417","7097","12.35","574.57"
"Hrvatska","HR0","Jadranska Hrvatska","HR03","Splitsko-Dalmatinska ","HR035","Splitsko-Dalmatinska ","HR035","Postira","HR035_03506","1564","56.65","27.61"
"Hrvatska","HR0","Jadranska Hrvatska","HR03","Splitsko-Dalmatinska ","HR035","Splitsko-Dalmatinska ","HR035","Pučišća","HR035_03581","2405","117.54","20.46"
"Hrvatska","HR0","Jadranska Hrvatska","HR03","Splitsko-Dalmatinska ","HR035","Splitsko-Dalmatinska ","HR035","Seget","HR035_03824","4286","86.52","49.54"
"Hrvatska","HR0","Jadranska Hrvatska","HR03","Splitsko-Dalmatinska ","HR035","Splitsko-Dalmatinska ","HR035","Selca","HR035_03832","1979","61.53","32.17"
"Hrvatska","HR0","Jadranska Hrvatska","HR03","Splitsko-Dalmatinska ","HR035","Splitsko-Dalmatinska ","HR035","Sinj","HR035_03891","25161","218.5","115.15"
"Hrvatska","HR0","Jadranska Hrvatska","HR03","Splitsko-Dalmatinska ","HR035","Splitsko-Dalmatinska ","HR035","Solin","HR035_04065","16114","38.13","422.56"
"Hrvatska","HR0","Jadranska Hrvatska","HR03","Splitsko-Dalmatinska ","HR035","Splitsko-Dalmatinska ","HR035","Split","HR035_04090","183846","89.02","2065.14"
"Hrvatska","HR0","Jadranska Hrvatska","HR03","Splitsko-Dalmatinska ","HR035","Splitsko-Dalmatinska ","HR035","Stari Grad","HR035_04138","2919","60.59","48.18"
"Hrvatska","HR0","Jadranska Hrvatska","HR03","Splitsko-Dalmatinska ","HR035","Splitsko-Dalmatinska ","HR035","Sućuraj","HR035_04235","2664","51.29","51.94"
"Hrvatska","HR0","Jadranska Hrvatska","HR03","Splitsko-Dalmatinska ","HR035","Splitsko-Dalmatinska ","HR035","Supetar","HR035_04278","3817","33.22","114.9"
"Hrvatska","HR0","Jadranska Hrvatska","HR03","Splitsko-Dalmatinska ","HR035","Splitsko-Dalmatinska ","HR035","Šestanovac","HR035_04430","3192","100.03","31.91"
"Hrvatska","HR0","Jadranska Hrvatska","HR03","Splitsko-Dalmatinska ","HR035","Splitsko-Dalmatinska ","HR035","Šolta","HR035_04472","1662","70.98","23.42"
"Hrvatska","HR0","Jadranska Hrvatska","HR03","Splitsko-Dalmatinska ","HR035","Splitsko-Dalmatinska ","HR035","Trilj","HR035_04600","9470","297.9","31.79"
"Hrvatska","HR0","Jadranska Hrvatska","HR03","Splitsko-Dalmatinska ","HR035","Splitsko-Dalmatinska ","HR035","Trogir","HR035_04634","11200","44.75","250.28"
"Hrvatska","HR0","Jadranska Hrvatska","HR03","Splitsko-Dalmatinska ","HR035","Splitsko-Dalmatinska ","HR035","Vis","HR035_04928","2094","60.13","34.82"
"Hrvatska","HR0","Jadranska Hrvatska","HR03","Splitsko-Dalmatinska ","HR035","Splitsko-Dalmatinska ","HR035","Vrgorac","HR035_05118","10407","310.27","33.54"
"Hrvatska","HR0","Jadranska Hrvatska","HR03","Splitsko-Dalmatinska ","HR035","Splitsko-Dalmatinska ","HR035","Vrlika","HR035_05134","3070","273.29","11.23"
"Hrvatska","HR0","Jadranska Hrvatska","HR03","Splitsko-Dalmatinska ","HR035","Splitsko-Dalmatinska ","HR035","Zagvozd","HR035_05223","3050","154.61","19.73"
"Hrvatska","HR0","Jadranska Hrvatska","HR03","Splitsko-Dalmatinska ","HR035","Splitsko-Dalmatinska ","HR035","Zmijavci","HR035_05282","2710","16.02","169.2"
"Hrvatska","HR0","Jadranska Hrvatska","HR03","Splitsko-Dalmatinska ","HR035","Splitsko-Dalmatinska ","HR035","Dugopolje","HR035_05851","3600","70.48","51.08"
"Hrvatska","HR0","Jadranska Hrvatska","HR03","Splitsko-Dalmatinska ","HR035","Splitsko-Dalmatinska ","HR035","Lećevica","HR035_05860","824","97.34","8.47"
"Hrvatska","HR0","Jadranska Hrvatska","HR03","Splitsko-Dalmatinska ","HR035","Splitsko-Dalmatinska ","HR035","Lokvičići","HR035_05878","968","31.56","30.67"
"Hrvatska","HR0","Jadranska Hrvatska","HR03","Splitsko-Dalmatinska ","HR035","Splitsko-Dalmatinska ","HR035","Okrug","HR035_05886","3596","10.98","327.55"
"Hrvatska","HR0","Jadranska Hrvatska","HR03","Splitsko-Dalmatinska ","HR035","Splitsko-Dalmatinska ","HR035","Prgomet","HR035_05894","3393","85.51","39.68"
"Hrvatska","HR0","Jadranska Hrvatska","HR03","Splitsko-Dalmatinska ","HR035","Splitsko-Dalmatinska ","HR035","Primorski Dolac","HR035_05908","845","35.66","23.69"
"Hrvatska","HR0","Jadranska Hrvatska","HR03","Splitsko-Dalmatinska ","HR035","Splitsko-Dalmatinska ","HR035","Runovići","HR035_05916","2445","65.45","37.36"
"Hrvatska","HR0","Jadranska Hrvatska","HR03","Splitsko-Dalmatinska ","HR035","Splitsko-Dalmatinska ","HR035","Sutivan","HR035_05924","802","24.35","32.93"
"Hrvatska","HR0","Jadranska Hrvatska","HR03","Splitsko-Dalmatinska ","HR035","Splitsko-Dalmatinska ","HR035","Tučepi","HR035_05932","1741","24.18","72.01"
"Hrvatska","HR0","Jadranska Hrvatska","HR03","Splitsko-Dalmatinska ","HR035","Splitsko-Dalmatinska ","HR035","Zadvarje","HR035_05959","430","14.19","30.31"
"Hrvatska","HR0","Jadranska Hrvatska","HR03","Istarska ","HR036","Istarska ","HR036","Bale - Valle","HR036_00051","1078","93.6","11.52"
"Hrvatska","HR0","Jadranska Hrvatska","HR03","Istarska ","HR036","Istarska ","HR036","Barban","HR036_00060","2755","103.03","26.74"
"Hrvatska","HR0","Jadranska Hrvatska","HR03","Istarska ","HR036","Istarska ","HR036","Brtonigla - Verteneglio","HR036_00400","1726","38.69","44.61"
"Hrvatska","HR0","Jadranska Hrvatska","HR03","Istarska ","HR036","Istarska ","HR036","Buje - Buie","HR036_00426","5375","112.64","47.72"
"Hrvatska","HR0","Jadranska Hrvatska","HR03","Istarska ","HR036","Istarska ","HR036","Buzet","HR036_00434","6063","191.14","31.72"
"Hrvatska","HR0","Jadranska Hrvatska","HR03","Istarska ","HR036","Istarska ","HR036","Cerovlje","HR036_00477","1420","121.55","11.68"
"Hrvatska","HR0","Jadranska Hrvatska","HR03","Istarska ","HR036","Istarska ","HR036","Gračišće","HR036_01325","1463","68.87","21.24"
"Hrvatska","HR0","Jadranska Hrvatska","HR03","Istarska ","HR036","Istarska ","HR036","Grožnjan - Grisignana","HR036_01384","815","76.65","10.63"
"Hrvatska","HR0","Jadranska Hrvatska","HR03","Istarska ","HR036","Istarska ","HR036","Kanfanar","HR036_01759","1497","68.7","21.79"
"Hrvatska","HR0","Jadranska Hrvatska","HR03","Istarska ","HR036","Istarska ","HR036","Kršan","HR036_02178","3101","141.64","21.89"
"Hrvatska","HR0","Jadranska Hrvatska","HR03","Istarska ","HR036","Istarska ","HR036","Labin","HR036_02224","12639","82.77","152.69"
"Hrvatska","HR0","Jadranska Hrvatska","HR03","Istarska ","HR036","Istarska ","HR036","Lanišće","HR036_02232","652","165.04","3.95"
"Hrvatska","HR0","Jadranska Hrvatska","HR03","Istarska ","HR036","Istarska ","HR036","Ližnjan - Lisignano","HR036_02356","3061","79.67","38.42"
"Hrvatska","HR0","Jadranska Hrvatska","HR03","Istarska ","HR036","Istarska ","HR036","Lupoglav","HR036_02461","970","105.57","9.19"
"Hrvatska","HR0","Jadranska Hrvatska","HR03","Istarska ","HR036","Istarska ","HR036","Marčana","HR036_02542","4108","150.56","27.28"
"Hrvatska","HR0","Jadranska Hrvatska","HR03","Istarska ","HR036","Istarska ","HR036","Medulin","HR036_02631","5683","38.56","147.38"
"Hrvatska","HR0","Jadranska Hrvatska","HR03","Istarska ","HR036","Istarska ","HR036","Motovun - Montona","HR036_02747","1030","38.35","26.86"
"Hrvatska","HR0","Jadranska Hrvatska","HR03","Istarska ","HR036","Istarska ","HR036","Novigrad - Cittanova","HR036_02917","3800","29.75","127.73"
"Hrvatska","HR0","Jadranska Hrvatska","HR03","Istarska ","HR036","Istarska ","HR036","Oprtalj - Portole","HR036_03042","975","70.77","13.78"
"Hrvatska","HR0","Jadranska Hrvatska","HR03","Istarska ","HR036","Istarska ","HR036","Pazin","HR036_03212","10582","160.56","65.91"
"Hrvatska","HR0","Jadranska Hrvatska","HR03","Istarska ","HR036","Istarska ","HR036","Pićan","HR036_03301","1924","56.86","33.84"
"Hrvatska","HR0","Jadranska Hrvatska","HR03","Istarska ","HR036","Istarska ","HR036","Poreč - Parenzo","HR036_03484","14620","127.19","114.95"
"Hrvatska","HR0","Jadranska Hrvatska","HR03","Istarska ","HR036","Istarska ","HR036","Pula - Pola","HR036_03590","55177","60.37","913.98"
"Hrvatska","HR0","Jadranska Hrvatska","HR03","Istarska ","HR036","Istarska ","HR036","Raša","HR036_03689","3390","92.08","36.81"
"Hrvatska","HR0","Jadranska Hrvatska","HR03","Istarska ","HR036","Istarska ","HR036","Rovinj - Rovigno","HR036_03743","14203","86.53","164.14"
"Hrvatska","HR0","Jadranska Hrvatska","HR03","Istarska ","HR036","Istarska ","HR036","Sveti Lovreč","HR036_04316","1168","36.73","31.8"
"Hrvatska","HR0","Jadranska Hrvatska","HR03","Istarska ","HR036","Istarska ","HR036","Sveta Nedelja","HR036_04324","2789","73.85","37.76"
"Hrvatska","HR0","Jadranska Hrvatska","HR03","Istarska ","HR036","Istarska ","HR036","Sveti Petar U Šumi","HR036_04332","1077","16.24","66.31"
"Hrvatska","HR0","Jadranska Hrvatska","HR03","Istarska ","HR036","Istarska ","HR036","Svetvinčenat","HR036_04359","2303","89.63","25.69"
"Hrvatska","HR0","Jadranska Hrvatska","HR03","Istarska ","HR036","Istarska ","HR036","Tinjan","HR036_04537","1726","62.08","27.8"
"Hrvatska","HR0","Jadranska Hrvatska","HR03","Istarska ","HR036","Istarska ","HR036","Umag - Umago","HR036_04685","11849","95.42","124.17"
"Hrvatska","HR0","Jadranska Hrvatska","HR03","Istarska ","HR036","Istarska ","HR036","Višnjan - Visignano","HR036_04979","1858","71.93","25.83"
"Hrvatska","HR0","Jadranska Hrvatska","HR03","Istarska ","HR036","Istarska ","HR036","Vižinada - Visinada","HR036_04987","1249","40.41","30.91"
"Hrvatska","HR0","Jadranska Hrvatska","HR03","Istarska ","HR036","Istarska ","HR036","Vodnjan - Dignano","HR036_05029","5720","114.31","50.04"
"Hrvatska","HR0","Jadranska Hrvatska","HR03","Istarska ","HR036","Istarska ","HR036","Vrsar - Orsera","HR036_05169","2218","41.71","53.18"
"Hrvatska","HR0","Jadranska Hrvatska","HR03","Istarska ","HR036","Istarska ","HR036","Žminj","HR036_05312","3257","81.45","39.99"
"Hrvatska","HR0","Jadranska Hrvatska","HR03","Istarska ","HR036","Istarska ","HR036","Karojba","HR036_05967","1453","40.16","36.18"
"Hrvatska","HR0","Jadranska Hrvatska","HR03","Istarska ","HR036","Istarska ","HR036","Castelliere-S. Domenica","HR036_05975","1333","41.01","32.5"
"Hrvatska","HR0","Jadranska Hrvatska","HR03","Istarska ","HR036","Istarska ","HR036","Fažana - Fasana","HR036_06190","3577","16.19","220.88"
"Hrvatska","HR0","Jadranska Hrvatska","HR03","Istarska ","HR036","Istarska ","HR036","Funtana - Fontane","HR036_06297","1208","8.99","134.31"
"Hrvatska","HR0","Jadranska Hrvatska","HR03","Istarska ","HR036","Istarska ","HR036","Torre-Abrega","HR036_06319","2480","31.27","79.32"
"Hrvatska","HR0","Jadranska Hrvatska","HR03","Dubrovačko-Neretvanska ","HR037","Dubrovačko-Neretvanska ","HR037","Blato","HR037_00256","2566","72.3","35.49"
"Hrvatska","HR0","Jadranska Hrvatska","HR03","Dubrovačko-Neretvanska ","HR037","Dubrovačko-Neretvanska ","HR037","Dubrovnik","HR037_00981","40636","159.23","255.2"
"Hrvatska","HR0","Jadranska Hrvatska","HR03","Dubrovačko-Neretvanska ","HR037","Dubrovačko-Neretvanska ","HR037","Konavle","HR037_01988","8304","229.01","36.26"
"Hrvatska","HR0","Jadranska Hrvatska","HR03","Dubrovačko-Neretvanska ","HR037","Dubrovačko-Neretvanska ","HR037","Korčula","HR037_02046","6034","122.85","49.12"
"Hrvatska","HR0","Jadranska Hrvatska","HR03","Dubrovačko-Neretvanska ","HR037","Dubrovačko-Neretvanska ","HR037","Kula Norinska","HR037_02194","1879","67.01","28.04"
"Hrvatska","HR0","Jadranska Hrvatska","HR03","Dubrovačko-Neretvanska ","HR037","Dubrovačko-Neretvanska ","HR037","Lastovo","HR037_02267","1124","57.92","19.41"
"Hrvatska","HR0","Jadranska Hrvatska","HR03","Dubrovačko-Neretvanska ","HR037","Dubrovačko-Neretvanska ","HR037","Metković","HR037_02640","14185","56.04","253.14"
"Hrvatska","HR0","Jadranska Hrvatska","HR03","Dubrovačko-Neretvanska ","HR037","Dubrovačko-Neretvanska ","HR037","Mljet","HR037_02682","1270","108.38","11.72"
"Hrvatska","HR0","Jadranska Hrvatska","HR03","Dubrovačko-Neretvanska ","HR037","Dubrovačko-Neretvanska ","HR037","Opuzen","HR037_03069","1372","26.16","52.45"
"Hrvatska","HR0","Jadranska Hrvatska","HR03","Dubrovačko-Neretvanska ","HR037","Dubrovačko-Neretvanska ","HR037","Orebić","HR037_03085","4863","143.02","34.0"
"Hrvatska","HR0","Jadranska Hrvatska","HR03","Dubrovačko-Neretvanska ","HR037","Dubrovačko-Neretvanska ","HR037","Ploče","HR037_03352","10182","143.21","71.1"
"Hrvatska","HR0","Jadranska Hrvatska","HR03","Dubrovačko-Neretvanska ","HR037","Dubrovačko-Neretvanska ","HR037","Pojezerje","HR037_03433","1226","36.81","33.3"
"Hrvatska","HR0","Jadranska Hrvatska","HR03","Dubrovačko-Neretvanska ","HR037","Dubrovačko-Neretvanska ","HR037","Slivno","HR037_03999","1866","61.14","30.52"
"Hrvatska","HR0","Jadranska Hrvatska","HR03","Dubrovačko-Neretvanska ","HR037","Dubrovačko-Neretvanska ","HR037","Smokvica","HR037_04022","1475","48.95","30.13"
"Hrvatska","HR0","Jadranska Hrvatska","HR03","Dubrovačko-Neretvanska ","HR037","Dubrovačko-Neretvanska ","HR037","Ston","HR037_04197","3162","187.53","16.86"
"Hrvatska","HR0","Jadranska Hrvatska","HR03","Dubrovačko-Neretvanska ","HR037","Dubrovačko-Neretvanska ","HR037","Vela Luka","HR037_04740","4828","48.76","99.01"
"Hrvatska","HR0","Jadranska Hrvatska","HR03","Dubrovačko-Neretvanska ","HR037","Dubrovačko-Neretvanska ","HR037","Zažablje","HR037_05231","1168","66.98","17.44"
"Hrvatska","HR0","Jadranska Hrvatska","HR03","Dubrovačko-Neretvanska ","HR037","Dubrovačko-Neretvanska ","HR037","Dubrovačko Primorje","HR037_05983","2481","218.37","11.36"
"Hrvatska","HR0","Jadranska Hrvatska","HR03","Dubrovačko-Neretvanska ","HR037","Dubrovačko-Neretvanska ","HR037","Janjina","HR037_05991","516","34.13","15.12"
"Hrvatska","HR0","Jadranska Hrvatska","HR03","Dubrovačko-Neretvanska ","HR037","Dubrovačko-Neretvanska ","HR037","Lumbarda","HR037_06009","1232","12.98","94.93"
"Hrvatska","HR0","Jadranska Hrvatska","HR03","Dubrovačko-Neretvanska ","HR037","Dubrovačko-Neretvanska ","HR037","Trpanj","HR037_06017","916","39.64","23.11"
"Hrvatska","HR0","Jadranska Hrvatska","HR03","Dubrovačko-Neretvanska ","HR037","Dubrovačko-Neretvanska ","HR037","Župa Dubrovačka","HR037_06025","6595","25.13","262.39"
"Hrvatska","HR0","Kontinentalna Hrvatska","HR04","Grad Zagreb","HR041","Grad Zagreb","HR041","Grad Zagreb","HR041_01333","724698","742.73","975.72"
"Hrvatska","HR0","Kontinentalna Hrvatska","HR04","Zagrebačka ","HR042","Zagrebačka ","HR042","Brckovljani","HR042_00337","6343","80.95","78.36"
"Hrvatska","HR0","Kontinentalna Hrvatska","HR04","Zagrebačka ","HR042","Zagrebačka ","HR042","Brdovec","HR042_00345","8416","43.87","191.82"
"Hrvatska","HR0","Kontinentalna Hrvatska","HR04","Zagrebačka ","HR042","Zagrebačka ","HR042","Dubrava","HR042_00973","7665","132.56","57.82"
"Hrvatska","HR0","Kontinentalna Hrvatska","HR04","Zagrebačka ","HR042","Zagrebačka ","HR042","Dugo Selo","HR042_01015","13094","61.93","211.43"
"Hrvatska","HR0","Kontinentalna Hrvatska","HR04","Zagrebačka ","HR042","Zagrebačka ","HR042","Farkaševac","HR042_01147","2042","85.85","23.79"
"Hrvatska","HR0","Kontinentalna Hrvatska","HR04","Zagrebačka ","HR042","Zagrebačka ","HR042","Gradec","HR042_01350","4496","102.85","43.72"
"Hrvatska","HR0","Kontinentalna Hrvatska","HR04","Zagrebačka ","HR042","Zagrebačka ","HR042","Ivanić-Grad","HR042_01589","13996","199.83","70.04"
"Hrvatska","HR0","Kontinentalna Hrvatska","HR04","Zagrebačka ","HR042","Zagrebačka ","HR042","Jakovlje","HR042_01635","3378","42.03","80.37"
"Hrvatska","HR0","Kontinentalna Hrvatska","HR04","Zagrebačka ","HR042","Zagrebačka ","HR042","Jastrebarsko","HR042_01694","16677","263.01","63.41"
"Hrvatska","HR0","Kontinentalna Hrvatska","HR04","Zagrebačka ","HR042","Zagrebačka ","HR042","Klinča Sela","HR042_01902","4952","88.37","56.04"
"Hrvatska","HR0","Kontinentalna Hrvatska","HR04","Zagrebačka ","HR042","Zagrebačka ","HR042","Kloštar Ivanić","HR042_01937","9045","89.69","100.85"
"Hrvatska","HR0","Kontinentalna Hrvatska","HR04","Zagrebačka ","HR042","Zagrebačka ","HR042","Križ","HR042_02135","7540","135.82","55.51"
"Hrvatska","HR0","Kontinentalna Hrvatska","HR04","Zagrebačka ","HR042","Zagrebačka ","HR042","Pisarovina","HR042_03310","3914","167.3","23.4"
"Hrvatska","HR0","Kontinentalna Hrvatska","HR04","Zagrebačka ","HR042","Zagrebačka ","HR042","Preseka","HR042_03565","1595","53.18","29.99"
"Hrvatska","HR0","Kontinentalna Hrvatska","HR04","Zagrebačka ","HR042","Zagrebačka ","HR042","Pušća","HR042_03620","2507","20.8","120.51"
"Hrvatska","HR0","Kontinentalna Hrvatska","HR04","Zagrebačka ","HR042","Zagrebačka ","HR042","Rugvica","HR042_03760","11981","108.97","109.94"
"Hrvatska","HR0","Kontinentalna Hrvatska","HR04","Zagrebačka ","HR042","Zagrebačka ","HR042","Samobor","HR042_03808","35341","289.87","121.92"
"Hrvatska","HR0","Kontinentalna Hrvatska","HR04","Zagrebačka ","HR042","Zagrebačka ","HR042","Sveti Ivan Zelina","HR042_04294","16635","213.7","77.84"
"Hrvatska","HR0","Kontinentalna Hrvatska","HR04","Zagrebačka ","HR042","Zagrebačka ","HR042","Sveta Nedelja","HR042_04367","14133","45.53","310.42"
"Hrvatska","HR0","Kontinentalna Hrvatska","HR04","Zagrebačka ","HR042","Zagrebačka ","HR042","Vrbovec","HR042_05088","14965","186.64","80.18"
"Hrvatska","HR0","Kontinentalna Hrvatska","HR04","Zagrebačka ","HR042","Zagrebačka ","HR042","Krašić","HR042_05339","3175","80.78","39.3"
"Hrvatska","HR0","Kontinentalna Hrvatska","HR04","Zagrebačka ","HR042","Zagrebačka ","HR042","Rakovec","HR042_05363","1305","42.26","30.88"
"Hrvatska","HR0","Kontinentalna Hrvatska","HR04","Zagrebačka ","HR042","Zagrebačka ","HR042","Marija Gorica","HR042_05398","1568","19.52","80.32"
"Hrvatska","HR0","Kontinentalna Hrvatska","HR04","Zagrebačka ","HR042","Zagrebačka ","HR042","Žumberak","HR042_05401","1231","129.77","9.49"
"Hrvatska","HR0","Kontinentalna Hrvatska","HR04","Zagrebačka ","HR042","Zagrebačka ","HR042","Velika Gorica","HR042_05410","65702","377.64","173.98"
"Hrvatska","HR0","Kontinentalna Hrvatska","HR04","Zagrebačka ","HR042","Zagrebačka ","HR042","Orle","HR042_05428","2325","67.28","34.55"
"Hrvatska","HR0","Kontinentalna Hrvatska","HR04","Zagrebačka ","HR042","Zagrebačka ","HR042","Zaprešić","HR042_05436","21735","61.72","352.16"
"Hrvatska","HR0","Kontinentalna Hrvatska","HR04","Zagrebačka ","HR042","Zagrebačka ","HR042","Pokupsko","HR042_05444","2678","121.58","22.03"
"Hrvatska","HR0","Kontinentalna Hrvatska","HR04","Zagrebačka ","HR042","Zagrebačka ","HR042","Kravarsko","HR042_05452","1987","67.25","29.55"
"Hrvatska","HR0","Kontinentalna Hrvatska","HR04","Zagrebačka ","HR042","Zagrebačka ","HR042","Bistra","HR042_05479","6135","60.83","100.85"
"Hrvatska","HR0","Kontinentalna Hrvatska","HR04","Zagrebačka ","HR042","Zagrebačka ","HR042","Luka","HR042_05487","1369","19.75","69.33"
"Hrvatska","HR0","Kontinentalna Hrvatska","HR04","Zagrebačka ","HR042","Zagrebačka ","HR042","Dubravica","HR042_05495","1572","23.89","65.8"
"Hrvatska","HR0","Kontinentalna Hrvatska","HR04","Zagrebačka ","HR042","Zagrebačka ","HR042","Bedenica","HR042_05509","1523","25.86","58.89"
"Hrvatska","HR0","Kontinentalna Hrvatska","HR04","Zagrebačka ","HR042","Zagrebačka ","HR042","Stupnik","HR042_05517","4884","29.01","168.38"
"Hrvatska","HR0","Kontinentalna Hrvatska","HR04","Krapinsko-Zagorska ","HR043","Krapinsko-Zagorska ","HR043","Bedekovčina","HR043_00116","5878","59.71","98.45"
"Hrvatska","HR0","Kontinentalna Hrvatska","HR04","Krapinsko-Zagorska ","HR043","Krapinsko-Zagorska ","HR043","Budinščina","HR043_00418","3288","63.04","52.16"
"Hrvatska","HR0","Kontinentalna Hrvatska","HR04","Krapinsko-Zagorska ","HR043","Krapinsko-Zagorska ","HR043","Desinić","HR043_00701","3144","52.36","60.04"
"Hrvatska","HR0","Kontinentalna Hrvatska","HR04","Krapinsko-Zagorska ","HR043","Krapinsko-Zagorska ","HR043","Donja Stubica","HR043_00795","6388","50.29","127.02"
"Hrvatska","HR0","Kontinentalna Hrvatska","HR04","Krapinsko-Zagorska ","HR043","Krapinsko-Zagorska ","HR043","Đurmanec","HR043_01082","4102","67.7","60.59"
"Hrvatska","HR0","Kontinentalna Hrvatska","HR04","Krapinsko-Zagorska ","HR043","Krapinsko-Zagorska ","HR043","Gornja Stubica","HR043_01252","4834","55.99","86.33"
"Hrvatska","HR0","Kontinentalna Hrvatska","HR04","Krapinsko-Zagorska ","HR043","Krapinsko-Zagorska ","HR043","Hrašćina","HR043_01465","1660","32.67","50.81"
"Hrvatska","HR0","Kontinentalna Hrvatska","HR04","Krapinsko-Zagorska ","HR043","Krapinsko-Zagorska ","HR043","Hum Na Sutli","HR043_01520","6664","43.38","153.63"
"Hrvatska","HR0","Kontinentalna Hrvatska","HR04","Krapinsko-Zagorska ","HR043","Krapinsko-Zagorska ","HR043","Klanjec","HR043_01872","2956","30.11","98.17"
"Hrvatska","HR0","Kontinentalna Hrvatska","HR04","Krapinsko-Zagorska ","HR043","Krapinsko-Zagorska ","HR043","Konjščina","HR043_02003","3862","48.73","79.26"
"Hrvatska","HR0","Kontinentalna Hrvatska","HR04","Krapinsko-Zagorska ","HR043","Krapinsko-Zagorska ","HR043","Kraljevec Na Sutli","HR043_02089","1682","31.79","52.91"
"Hrvatska","HR0","Kontinentalna Hrvatska","HR04","Krapinsko-Zagorska ","HR043","Krapinsko-Zagorska ","HR043","Krapina","HR043_02119","12453","54.96","226.59"
"Hrvatska","HR0","Kontinentalna Hrvatska","HR04","Krapinsko-Zagorska ","HR043","Krapinsko-Zagorska ","HR043","Krapinske Toplice","HR043_02127","4947","56.98","86.81"
"Hrvatska","HR0","Kontinentalna Hrvatska","HR04","Krapinsko-Zagorska ","HR043","Krapinsko-Zagorska ","HR043","Lobor","HR043_02364","3386","49.26","68.73"
"Hrvatska","HR0","Kontinentalna Hrvatska","HR04","Krapinsko-Zagorska ","HR043","Krapinsko-Zagorska ","HR043","Mače","HR043_02488","2539","32.32","78.57"
"Hrvatska","HR0","Kontinentalna Hrvatska","HR04","Krapinsko-Zagorska ","HR043","Krapinsko-Zagorska ","HR043","Marija Bistrica","HR043_02569","6442","78.98","81.56"
"Hrvatska","HR0","Kontinentalna Hrvatska","HR04","Krapinsko-Zagorska ","HR043","Krapinsko-Zagorska ","HR043","Mihovljan","HR043_02658","2129","30.88","68.94"
"Hrvatska","HR0","Kontinentalna Hrvatska","HR04","Krapinsko-Zagorska ","HR043","Krapinsko-Zagorska ","HR043","Oroslavje","HR043_03115","5321","37.23","142.94"
"Hrvatska","HR0","Kontinentalna Hrvatska","HR04","Krapinsko-Zagorska ","HR043","Krapinsko-Zagorska ","HR043","Petrovsko","HR043_03298","2852","21.52","132.55"
"Hrvatska","HR0","Kontinentalna Hrvatska","HR04","Krapinsko-Zagorska ","HR043","Krapinsko-Zagorska ","HR043","Pregrada","HR043_03522","6868","78.1","87.94"
"Hrvatska","HR0","Kontinentalna Hrvatska","HR04","Krapinsko-Zagorska ","HR043","Krapinsko-Zagorska ","HR043","Radoboj","HR043_03646","3795","38.48","98.63"
"Hrvatska","HR0","Kontinentalna Hrvatska","HR04","Krapinsko-Zagorska ","HR043","Krapinsko-Zagorska ","HR043","Stubičke Toplice","HR043_04227","3268","30.76","106.25"
"Hrvatska","HR0","Kontinentalna Hrvatska","HR04","Krapinsko-Zagorska ","HR043","Krapinsko-Zagorska ","HR043","Sveti Križ Začretje","HR043_04308","6578","47.18","139.43"
"Hrvatska","HR0","Kontinentalna Hrvatska","HR04","Krapinsko-Zagorska ","HR043","Krapinsko-Zagorska ","HR043","Tuhelj","HR043_04669","1991","27.25","73.06"
"Hrvatska","HR0","Kontinentalna Hrvatska","HR04","Krapinsko-Zagorska ","HR043","Krapinsko-Zagorska ","HR043","Veliko Trgovišće","HR043_04812","6104","53.46","114.17"
"Hrvatska","HR0","Kontinentalna Hrvatska","HR04","Krapinsko-Zagorska ","HR043","Krapinsko-Zagorska ","HR043","Zabok","HR043_05193","9137","40.7","224.49"
"Hrvatska","HR0","Kontinentalna Hrvatska","HR04","Krapinsko-Zagorska ","HR043","Krapinsko-Zagorska ","HR043","Zagorska Sela","HR043_05215","923","29.88","30.89"
"Hrvatska","HR0","Kontinentalna Hrvatska","HR04","Krapinsko-Zagorska ","HR043","Krapinsko-Zagorska ","HR043","Zlatar","HR043_05266","6062","90.82","66.74"
"Hrvatska","HR0","Kontinentalna Hrvatska","HR04","Krapinsko-Zagorska ","HR043","Krapinsko-Zagorska ","HR043","Zlatar Bistrica","HR043_05274","1691","29.12","58.06"
"Hrvatska","HR0","Kontinentalna Hrvatska","HR04","Krapinsko-Zagorska ","HR043","Krapinsko-Zagorska ","HR043","Jesenje","HR043_05525","1508","29.04","51.92"
"Hrvatska","HR0","Kontinentalna Hrvatska","HR04","Krapinsko-Zagorska ","HR043","Krapinsko-Zagorska ","HR043","Kumrovec","HR043_05533","1764","21.26","82.97"
"Hrvatska","HR0","Kontinentalna Hrvatska","HR04","Krapinsko-Zagorska ","HR043","Krapinsko-Zagorska ","HR043","Novi Golubovec","HR043_05541","830","15.94","52.08"
"Hrvatska","HR0","Kontinentalna Hrvatska","HR04","Varaždinska ","HR044","Varaždinska ","HR044","Bednja","HR044_00124","4850","89.19","54.38"
"Hrvatska","HR0","Kontinentalna Hrvatska","HR04","Varaždinska ","HR044","Varaždinska ","HR044","Beretinec","HR044_00191","2176","14.71","147.88"
"Hrvatska","HR0","Kontinentalna Hrvatska","HR04","Varaždinska ","HR044","Varaždinska ","HR044","Breznica","HR044_00361","2129","39.36","54.09"
"Hrvatska","HR0","Kontinentalna Hrvatska","HR04","Varaždinska ","HR044","Varaždinska ","HR044","Cestica","HR044_00485","6494","54.04","120.16"
"Hrvatska","HR0","Kontinentalna Hrvatska","HR04","Varaždinska ","HR044","Varaždinska ","HR044","Donja Voća","HR044_00809","2565","40.98","62.59"
"Hrvatska","HR0","Kontinentalna Hrvatska","HR04","Varaždinska ","HR044","Varaždinska ","HR044","Martijanec","HR044_00850","4113","62.85","65.44"
"Hrvatska","HR0","Kontinentalna Hrvatska","HR04","Varaždinska ","HR044","Varaždinska ","HR044","Gornji Kneginec","HR044_01295","5244","26.08","201.1"
"Hrvatska","HR0","Kontinentalna Hrvatska","HR04","Varaždinska ","HR044","Varaždinska ","HR044","Breznički Hum","HR044_01511","1597","30.52","52.33"
"Hrvatska","HR0","Kontinentalna Hrvatska","HR04","Varaždinska ","HR044","Varaždinska ","HR044","Ivanec","HR044_01562","14303","111.21","128.61"
"Hrvatska","HR0","Kontinentalna Hrvatska","HR04","Varaždinska ","HR044","Varaždinska ","HR044","Jalžabet","HR044_01651","3482","44.05","79.04"
"Hrvatska","HR0","Kontinentalna Hrvatska","HR04","Varaždinska ","HR044","Varaždinska ","HR044","Klenovnik","HR044_01899","2088","30.59","68.26"
"Hrvatska","HR0","Kontinentalna Hrvatska","HR04","Varaždinska ","HR044","Varaždinska ","HR044","Lepoglava","HR044_02291","8556","75.36","113.53"
"Hrvatska","HR0","Kontinentalna Hrvatska","HR04","Varaždinska ","HR044","Varaždinska ","HR044","Ludbreg","HR044_02445","8001","80.79","99.04"
"Hrvatska","HR0","Kontinentalna Hrvatska","HR04","Varaždinska ","HR044","Varaždinska ","HR044","Ljubešćica","HR044_02470","2284","42.58","53.64"
"Hrvatska","HR0","Kontinentalna Hrvatska","HR04","Varaždinska ","HR044","Varaždinska ","HR044","Mali Bukovec","HR044_02518","2501","41.97","59.59"
"Hrvatska","HR0","Kontinentalna Hrvatska","HR04","Varaždinska ","HR044","Varaždinska ","HR044","Maruševec","HR044_02607","6675","57.83","115.42"
"Hrvatska","HR0","Kontinentalna Hrvatska","HR04","Varaždinska ","HR044","Varaždinska ","HR044","Novi Marof","HR044_02895","12067","129.68","93.05"
"Hrvatska","HR0","Kontinentalna Hrvatska","HR04","Varaždinska ","HR044","Varaždinska ","HR044","Petrijanec","HR044_03263","5299","56.31","94.11"
"Hrvatska","HR0","Kontinentalna Hrvatska","HR04","Varaždinska ","HR044","Varaždinska ","HR044","Sračinec","HR044_04103","4154","26.18","158.67"
"Hrvatska","HR0","Kontinentalna Hrvatska","HR04","Varaždinska ","HR044","Varaždinska ","HR044","Sveti Đurđ","HR044_04375","4366","53.68","81.33"
"Hrvatska","HR0","Kontinentalna Hrvatska","HR04","Varaždinska ","HR044","Varaždinska ","HR044","Sveti Ilija","HR044_04383","3448","19.81","174.09"
"Hrvatska","HR0","Kontinentalna Hrvatska","HR04","Varaždinska ","HR044","Varaždinska ","HR044","Trnovec Bartolovečki","HR044_04626","7146","45.77","156.14"
"Hrvatska","HR0","Kontinentalna Hrvatska","HR04","Varaždinska ","HR044","Varaždinska ","HR044","Varaždin","HR044_04723","44566","70.1","635.79"
"Hrvatska","HR0","Kontinentalna Hrvatska","HR04","Varaždinska ","HR044","Varaždinska ","HR044","Varaždinske Toplice","HR044_04731","6239","93.46","66.76"
"Hrvatska","HR0","Kontinentalna Hrvatska","HR04","Varaždinska ","HR044","Varaždinska ","HR044","Vidovec","HR044_04847","4283","38.29","111.86"
"Hrvatska","HR0","Kontinentalna Hrvatska","HR04","Varaždinska ","HR044","Varaždinska ","HR044","Vinica","HR044_04863","3950","38.23","103.32"
"Hrvatska","HR0","Kontinentalna Hrvatska","HR04","Varaždinska ","HR044","Varaždinska ","HR044","Visoko","HR044_04936","1493","29.06","51.38"
"Hrvatska","HR0","Kontinentalna Hrvatska","HR04","Varaždinska ","HR044","Varaždinska ","HR044","Veliki Bukovec","HR044_05584","1574","27.37","57.5"
"Hrvatska","HR0","Kontinentalna Hrvatska","HR04","Koprivničko-Križevačka ","HR045","Koprivničko-Križevačka ","HR045","Drnje","HR045_00965","2393","34.52","69.32"
"Hrvatska","HR0","Kontinentalna Hrvatska","HR04","Koprivničko-Križevačka ","HR045","Koprivničko-Križevačka ","HR045","Đelekovec","HR045_01040","1419","30.79","46.09"
"Hrvatska","HR0","Kontinentalna Hrvatska","HR04","Koprivničko-Križevačka ","HR045","Koprivničko-Križevačka ","HR045","Đurđevac","HR045_01074","11246","182.71","61.55"
"Hrvatska","HR0","Kontinentalna Hrvatska","HR04","Koprivničko-Križevačka ","HR045","Koprivničko-Križevačka ","HR045","Ferdinandovac","HR045_01155","2182","57.43","37.99"
"Hrvatska","HR0","Kontinentalna Hrvatska","HR04","Koprivničko-Križevačka ","HR045","Koprivničko-Križevačka ","HR045","Gola","HR045_01228","2458","87.21","28.19"
"Hrvatska","HR0","Kontinentalna Hrvatska","HR04","Koprivničko-Križevačka ","HR045","Koprivničko-Križevačka ","HR045","Hlebine","HR045_01457","1549","35.49","43.64"
"Hrvatska","HR0","Kontinentalna Hrvatska","HR04","Koprivničko-Križevačka ","HR045","Koprivničko-Križevačka ","HR045","Kloštar Podravski","HR045_01945","3216","57.91","55.53"
"Hrvatska","HR0","Kontinentalna Hrvatska","HR04","Koprivničko-Križevačka ","HR045","Koprivničko-Križevačka ","HR045","Koprivnica","HR045_02011","29876","105.77","282.47"
"Hrvatska","HR0","Kontinentalna Hrvatska","HR04","Koprivničko-Križevačka ","HR045","Koprivničko-Križevačka ","HR045","Koprivnički Bregi","HR045_02020","2542","40.22","63.2"
"Hrvatska","HR0","Kontinentalna Hrvatska","HR04","Koprivničko-Križevačka ","HR045","Koprivničko-Križevačka ","HR045","Koprivnički Ivanec","HR045_02038","2380","39.02","61.0"
"Hrvatska","HR0","Kontinentalna Hrvatska","HR04","Koprivničko-Križevačka ","HR045","Koprivničko-Križevačka ","HR045","Križevci","HR045_02143","22749","306.47","74.23"
"Hrvatska","HR0","Kontinentalna Hrvatska","HR04","Koprivničko-Križevačka ","HR045","Koprivničko-Križevačka ","HR045","Legrad","HR045_02275","3034","74.84","40.54"
"Hrvatska","HR0","Kontinentalna Hrvatska","HR04","Koprivničko-Križevačka ","HR045","Koprivničko-Križevačka ","HR045","Molve","HR045_02704","2290","56.32","40.66"
"Hrvatska","HR0","Kontinentalna Hrvatska","HR04","Koprivničko-Križevačka ","HR045","Koprivničko-Križevačka ","HR045","Novigrad Podravski","HR045_02925","3263","76.67","42.56"
"Hrvatska","HR0","Kontinentalna Hrvatska","HR04","Koprivničko-Križevačka ","HR045","Koprivničko-Križevačka ","HR045","Peteranec","HR045_03247","2680","60.17","44.54"
"Hrvatska","HR0","Kontinentalna Hrvatska","HR04","Koprivničko-Križevačka ","HR045","Koprivničko-Križevačka ","HR045","Rasinja","HR045_03662","4106","122.73","33.45"
"Hrvatska","HR0","Kontinentalna Hrvatska","HR04","Koprivničko-Križevačka ","HR045","Koprivničko-Križevačka ","HR045","Sokolovac","HR045_04057","6830","158.62","43.06"
"Hrvatska","HR0","Kontinentalna Hrvatska","HR04","Koprivničko-Križevačka ","HR045","Koprivničko-Križevačka ","HR045","Sveti Ivan Žabno","HR045_04391","5431","123.81","43.86"
"Hrvatska","HR0","Kontinentalna Hrvatska","HR04","Koprivničko-Križevačka ","HR045","Koprivničko-Križevačka ","HR045","Sveti Petar Orehovec","HR045_04421","4731","106.56","44.4"
"Hrvatska","HR0","Kontinentalna Hrvatska","HR04","Koprivničko-Križevačka ","HR045","Koprivničko-Križevačka ","HR045","Virje","HR045_04901","5091","91.14","55.86"
"Hrvatska","HR0","Kontinentalna Hrvatska","HR04","Koprivničko-Križevačka ","HR045","Koprivničko-Križevačka ","HR045","Kalinovac","HR045_05592","1686","41.19","40.93"
"Hrvatska","HR0","Kontinentalna Hrvatska","HR04","Koprivničko-Križevačka ","HR045","Koprivničko-Križevačka ","HR045","Kalnik","HR045_05606","1408","31.56","44.61"
"Hrvatska","HR0","Kontinentalna Hrvatska","HR04","Koprivničko-Križevačka ","HR045","Koprivničko-Križevačka ","HR045","Novo Virje","HR045_05614","1292","41.27","31.31"
"Hrvatska","HR0","Kontinentalna Hrvatska","HR04","Koprivničko-Križevačka ","HR045","Koprivničko-Križevačka ","HR045","Podravske Sesvete","HR045_06165","1823","34.74","52.47"
"Hrvatska","HR0","Kontinentalna Hrvatska","HR04","Koprivničko-Križevačka ","HR045","Koprivničko-Križevačka ","HR045","Gornja Rijeka","HR045_06181","1871","38.12","49.08"
"Hrvatska","HR0","Kontinentalna Hrvatska","HR04","Međimurska ","HR046","Međimurska ","HR046","Belica","HR046_00159","3533","32.27","109.48"
"Hrvatska","HR0","Kontinentalna Hrvatska","HR04","Međimurska ","HR046","Međimurska ","HR046","Čakovec","HR046_00604","25766","85.3","302.05"
"Hrvatska","HR0","Kontinentalna Hrvatska","HR04","Međimurska ","HR046","Međimurska ","HR046","Domašinec","HR046_00752","2327","42.53","54.72"
"Hrvatska","HR0","Kontinentalna Hrvatska","HR04","Međimurska ","HR046","Međimurska ","HR046","Donja Dubrava","HR046_00787","2332","21.49","108.52"
"Hrvatska","HR0","Kontinentalna Hrvatska","HR04","Međimurska ","HR046","Međimurska ","HR046","Donji Kraljevec","HR046_00825","4785","43.38","110.3"
"Hrvatska","HR0","Kontinentalna Hrvatska","HR04","Međimurska ","HR046","Međimurska ","HR046","Donji Vidovec","HR046_00892","1571","15.82","99.29"
"Hrvatska","HR0","Kontinentalna Hrvatska","HR04","Međimurska ","HR046","Međimurska ","HR046","Goričan","HR046_01236","3351","23.95","139.9"
"Hrvatska","HR0","Kontinentalna Hrvatska","HR04","Međimurska ","HR046","Međimurska ","HR046","Kotoriba","HR046_02062","3357","30.39","110.47"
"Hrvatska","HR0","Kontinentalna Hrvatska","HR04","Međimurska ","HR046","Međimurska ","HR046","Mala Subotica","HR046_02500","5563","48.32","115.13"
"Hrvatska","HR0","Kontinentalna Hrvatska","HR04","Međimurska ","HR046","Međimurska ","HR046","Mursko Središće","HR046_02763","6592","39.06","168.79"
"Hrvatska","HR0","Kontinentalna Hrvatska","HR04","Međimurska ","HR046","Međimurska ","HR046","Nedelišće","HR046_02798","10364","69.16","149.86"
"Hrvatska","HR0","Kontinentalna Hrvatska","HR04","Međimurska ","HR046","Međimurska ","HR046","Podturen","HR046_03425","3775","35.81","105.42"
"Hrvatska","HR0","Kontinentalna Hrvatska","HR04","Međimurska ","HR046","Međimurska ","HR046","Prelog","HR046_03557","8898","73.96","120.32"
"Hrvatska","HR0","Kontinentalna Hrvatska","HR04","Međimurska ","HR046","Međimurska ","HR046","Selnica","HR046_03859","3371","28.95","116.45"
"Hrvatska","HR0","Kontinentalna Hrvatska","HR04","Međimurska ","HR046","Međimurska ","HR046","Sveti Juraj Na Bregu","HR046_04405","5034","36.92","136.34"
"Hrvatska","HR0","Kontinentalna Hrvatska","HR04","Međimurska ","HR046","Međimurska ","HR046","Sveti Martin Na Muri","HR046_04413","2532","29.08","87.07"
"Hrvatska","HR0","Kontinentalna Hrvatska","HR04","Međimurska ","HR046","Međimurska ","HR046","Štrigova","HR046_04529","2987","45.98","64.96"
"Hrvatska","HR0","Kontinentalna Hrvatska","HR04","Međimurska ","HR046","Međimurska ","HR046","Vratišinec","HR046_05045","1633","19.16","85.25"
"Hrvatska","HR0","Kontinentalna Hrvatska","HR04","Međimurska ","HR046","Međimurska ","HR046","Dekanovec","HR046_06033","698","7.57","92.16"
"Hrvatska","HR0","Kontinentalna Hrvatska","HR04","Međimurska ","HR046","Međimurska ","HR046","Gornji Mihaljevec","HR046_06041","2225","36.93","60.25"
"Hrvatska","HR0","Kontinentalna Hrvatska","HR04","Međimurska ","HR046","Međimurska ","HR046","Orehovica","HR046_06050","2263","25.01","90.47"
"Hrvatska","HR0","Kontinentalna Hrvatska","HR04","Međimurska ","HR046","Međimurska ","HR046","Strahoninec","HR046_06068","2945","8.22","358.32"
"Hrvatska","HR0","Kontinentalna Hrvatska","HR04","Međimurska ","HR046","Međimurska ","HR046","Sveta Marija","HR046_06076","2178","27.32","79.72"
"Hrvatska","HR0","Kontinentalna Hrvatska","HR04","Međimurska ","HR046","Međimurska ","HR046","Šenkovec","HR046_06084","3016","10.08","299.15"
"Hrvatska","HR0","Kontinentalna Hrvatska","HR04","Međimurska ","HR046","Međimurska ","HR046","Pribislavec","HR046_06203","3570","13.68","260.9"
"Hrvatska","HR0","Kontinentalna Hrvatska","HR04","Bjelovarsko-Bilogorska ","HR047","Bjelovarsko-Bilogorska ","HR047","Berek","HR047_00183","1789","128.13","13.96"
"Hrvatska","HR0","Kontinentalna Hrvatska","HR04","Bjelovarsko-Bilogorska ","HR047","Bjelovarsko-Bilogorska ","HR047","Bjelovar","HR047_00248","41297","218.61","188.9"
"Hrvatska","HR0","Kontinentalna Hrvatska","HR04","Bjelovarsko-Bilogorska ","HR047","Bjelovarsko-Bilogorska ","HR047","Čazma","HR047_00639","9108","278.79","32.67"
"Hrvatska","HR0","Kontinentalna Hrvatska","HR04","Bjelovarsko-Bilogorska ","HR047","Bjelovarsko-Bilogorska ","HR047","Daruvar","HR047_00671","12597","73.77","170.75"
"Hrvatska","HR0","Kontinentalna Hrvatska","HR04","Bjelovarsko-Bilogorska ","HR047","Bjelovarsko-Bilogorska ","HR047","Dežanovac","HR047_00710","3808","117.37","32.44"
"Hrvatska","HR0","Kontinentalna Hrvatska","HR04","Bjelovarsko-Bilogorska ","HR047","Bjelovarsko-Bilogorska ","HR047","Đulovac","HR047_01058","7733","216.47","35.72"
"Hrvatska","HR0","Kontinentalna Hrvatska","HR04","Bjelovarsko-Bilogorska ","HR047","Bjelovarsko-Bilogorska ","HR047","Garešnica","HR047_01198","11424","261.9","43.62"
"Hrvatska","HR0","Kontinentalna Hrvatska","HR04","Bjelovarsko-Bilogorska ","HR047","Bjelovarsko-Bilogorska ","HR047","Grubišno Polje","HR047_01392","8009","306.48","26.13"
"Hrvatska","HR0","Kontinentalna Hrvatska","HR04","Bjelovarsko-Bilogorska ","HR047","Bjelovarsko-Bilogorska ","HR047","Hercegovac","HR047_01449","2562","57.97","44.2"
"Hrvatska","HR0","Kontinentalna Hrvatska","HR04","Bjelovarsko-Bilogorska ","HR047","Bjelovarsko-Bilogorska ","HR047","Ivanska","HR047_01619","3738","151.42","24.69"
"Hrvatska","HR0","Kontinentalna Hrvatska","HR04","Bjelovarsko-Bilogorska ","HR047","Bjelovarsko-Bilogorska ","HR047","Kapela","HR047_01767","3550","119.4","29.73"
"Hrvatska","HR0","Kontinentalna Hrvatska","HR04","Bjelovarsko-Bilogorska ","HR047","Bjelovarsko-Bilogorska ","HR047","Končanica","HR047_01996","2806","97.28","28.85"
"Hrvatska","HR0","Kontinentalna Hrvatska","HR04","Bjelovarsko-Bilogorska ","HR047","Bjelovarsko-Bilogorska ","HR047","Nova Rača","HR047_02879","4144","106.29","38.99"
"Hrvatska","HR0","Kontinentalna Hrvatska","HR04","Bjelovarsko-Bilogorska ","HR047","Bjelovarsko-Bilogorska ","HR047","Rovišće","HR047_03751","5297","91.66","57.79"
"Hrvatska","HR0","Kontinentalna Hrvatska","HR04","Bjelovarsko-Bilogorska ","HR047","Bjelovarsko-Bilogorska ","HR047","Sirač","HR047_03905","2608","168.85","15.45"
"Hrvatska","HR0","Kontinentalna Hrvatska","HR04","Bjelovarsko-Bilogorska ","HR047","Bjelovarsko-Bilogorska ","HR047","Štefanje","HR047_04502","2089","80.24","26.03"
"Hrvatska","HR0","Kontinentalna Hrvatska","HR04","Bjelovarsko-Bilogorska ","HR047","Bjelovarsko-Bilogorska ","HR047","Velika Pisanica","HR047_04782","2097","95.64","21.93"
"Hrvatska","HR0","Kontinentalna Hrvatska","HR04","Bjelovarsko-Bilogorska ","HR047","Bjelovarsko-Bilogorska ","HR047","Veliki Grđevac","HR047_04804","3237","196.51","16.47"
"Hrvatska","HR0","Kontinentalna Hrvatska","HR04","Bjelovarsko-Bilogorska ","HR047","Bjelovarsko-Bilogorska ","HR047","Veliko Trojstvo","HR047_04839","3275","74.92","43.71"
"Hrvatska","HR0","Kontinentalna Hrvatska","HR04","Bjelovarsko-Bilogorska ","HR047","Bjelovarsko-Bilogorska ","HR047","Severin","HR047_05622","1005","30.19","33.29"
"Hrvatska","HR0","Kontinentalna Hrvatska","HR04","Bjelovarsko-Bilogorska ","HR047","Bjelovarsko-Bilogorska ","HR047","Šandrovac","HR047_05649","2479","73.73","33.62"
"Hrvatska","HR0","Kontinentalna Hrvatska","HR04","Bjelovarsko-Bilogorska ","HR047","Bjelovarsko-Bilogorska ","HR047","Velika Trnovitica","HR047_05657","1713","69.96","24.48"
"Hrvatska","HR0","Kontinentalna Hrvatska","HR04","Bjelovarsko-Bilogorska ","HR047","Bjelovarsko-Bilogorska ","HR047","Zrinski Topolovac","HR047_05665","1028","34.74","29.59"
"Hrvatska","HR0","Kontinentalna Hrvatska","HR04","Virovitičko-Podravska ","HR048","Virovitičko-Podravska ","HR048","Crnac","HR048_00540","1936","90.78","21.33"
"Hrvatska","HR0","Kontinentalna Hrvatska","HR04","Virovitičko-Podravska ","HR048","Virovitičko-Podravska ","HR048","Čačinci","HR048_00566","3474","166.92","20.81"
"Hrvatska","HR0","Kontinentalna Hrvatska","HR04","Virovitičko-Podravska ","HR048","Virovitičko-Podravska ","HR048","Čađavica","HR048_00574","2322","103.52","22.43"
"Hrvatska","HR0","Kontinentalna Hrvatska","HR04","Virovitičko-Podravska ","HR048","Virovitičko-Podravska ","HR048","Gradina","HR048_01368","4909","139.75","35.13"
"Hrvatska","HR0","Kontinentalna Hrvatska","HR04","Virovitičko-Podravska ","HR048","Virovitičko-Podravska ","HR048","Lukač","HR048_02453","5639","97.08","58.09"
"Hrvatska","HR0","Kontinentalna Hrvatska","HR04","Virovitičko-Podravska ","HR048","Virovitičko-Podravska ","HR048","Mikleuš","HR048_02666","1522","41.31","36.84"
"Hrvatska","HR0","Kontinentalna Hrvatska","HR04","Virovitičko-Podravska ","HR048","Virovitičko-Podravska ","HR048","Nova Bukovica","HR048_02836","2074","89.1","23.28"
"Hrvatska","HR0","Kontinentalna Hrvatska","HR04","Virovitičko-Podravska ","HR048","Virovitičko-Podravska ","HR048","Orahovica","HR048_03077","7675","143.27","53.57"
"Hrvatska","HR0","Kontinentalna Hrvatska","HR04","Virovitičko-Podravska ","HR048","Virovitičko-Podravska ","HR048","Pitomača","HR048_03328","9601","185.59","51.73"
"Hrvatska","HR0","Kontinentalna Hrvatska","HR04","Virovitičko-Podravska ","HR048","Virovitičko-Podravska ","HR048","Slatina","HR048_03956","14643","193.6","75.64"
"Hrvatska","HR0","Kontinentalna Hrvatska","HR04","Virovitičko-Podravska ","HR048","Virovitičko-Podravska ","HR048","Sopje","HR048_04073","2877","137.04","20.99"
"Hrvatska","HR0","Kontinentalna Hrvatska","HR04","Virovitičko-Podravska ","HR048","Virovitičko-Podravska ","HR048","Suhopolje","HR048_04243","7570","192.69","39.29"
"Hrvatska","HR0","Kontinentalna Hrvatska","HR04","Virovitičko-Podravska ","HR048","Virovitičko-Podravska ","HR048","Špišić Bukovica","HR048_04499","4638","124.09","37.38"
"Hrvatska","HR0","Kontinentalna Hrvatska","HR04","Virovitičko-Podravska ","HR048","Virovitičko-Podravska ","HR048","Virovitica","HR048_04910","21220","197.06","107.68"
"Hrvatska","HR0","Kontinentalna Hrvatska","HR04","Virovitičko-Podravska ","HR048","Virovitičko-Podravska ","HR048","Voćin","HR048_04995","3102","340.04","9.12"
"Hrvatska","HR0","Kontinentalna Hrvatska","HR04","Virovitičko-Podravska ","HR048","Virovitičko-Podravska ","HR048","Zdenci","HR048_05240","2179","97.77","22.29"
"Hrvatska","HR0","Kontinentalna Hrvatska","HR04","Požeško-Slavonska ","HR049","Požeško-Slavonska ","HR049","Brestovac","HR049_00353","4939","321.18","15.38"
"Hrvatska","HR0","Kontinentalna Hrvatska","HR04","Požeško-Slavonska ","HR049","Požeško-Slavonska ","HR049","Čaglin","HR049_00582","5411","204.65","26.44"
"Hrvatska","HR0","Kontinentalna Hrvatska","HR04","Požeško-Slavonska ","HR049","Požeško-Slavonska ","HR049","Jakšić","HR049_01643","3796","50.12","75.73"
"Hrvatska","HR0","Kontinentalna Hrvatska","HR04","Požeško-Slavonska ","HR049","Požeško-Slavonska ","HR049","Kaptol","HR049_01775","4704","97.85","48.07"
"Hrvatska","HR0","Kontinentalna Hrvatska","HR04","Požeško-Slavonska ","HR049","Požeško-Slavonska ","HR049","Kutjevo","HR049_02216","7767","199.69","38.9"
"Hrvatska","HR0","Kontinentalna Hrvatska","HR04","Požeško-Slavonska ","HR049","Požeško-Slavonska ","HR049","Lipik","HR049_02313","6665","238.94","27.89"
"Hrvatska","HR0","Kontinentalna Hrvatska","HR04","Požeško-Slavonska ","HR049","Požeško-Slavonska ","HR049","Pakrac","HR049_03182","9725","413.27","23.53"
"Hrvatska","HR0","Kontinentalna Hrvatska","HR04","Požeško-Slavonska ","HR049","Požeško-Slavonska ","HR049","Pleternica","HR049_03344","13078","235.31","55.58"
"Hrvatska","HR0","Kontinentalna Hrvatska","HR04","Požeško-Slavonska ","HR049","Požeško-Slavonska ","HR049","Požega","HR049_03514","25178","153.39","164.15"
"Hrvatska","HR0","Kontinentalna Hrvatska","HR04","Požeško-Slavonska ","HR049","Požeško-Slavonska ","HR049","Velika","HR049_04758","5385","177.11","30.4"
"Hrvatska","HR0","Kontinentalna Hrvatska","HR04","Brodsko-Posavska ","HR04A","Brodsko-Posavska ","HR04A","Bebrina","HR04A_00108","3574","114.66","31.17"
"Hrvatska","HR0","Kontinentalna Hrvatska","HR04","Brodsko-Posavska ","HR04A","Brodsko-Posavska ","HR04A","Brodski Stupnik","HR04A_00396","3575","66.51","53.75"
"Hrvatska","HR0","Kontinentalna Hrvatska","HR04","Brodsko-Posavska ","HR04A","Brodsko-Posavska ","HR04A","Cernik","HR04A_00469","4075","147.09","27.7"
"Hrvatska","HR0","Kontinentalna Hrvatska","HR04","Brodsko-Posavska ","HR04A","Brodsko-Posavska ","HR04A","Davor","HR04A_00680","4056","49.12","82.57"
"Hrvatska","HR0","Kontinentalna Hrvatska","HR04","Brodsko-Posavska ","HR04A","Brodsko-Posavska ","HR04A","Donji Andrijevci","HR04A_00817","4540","64.26","70.65"
"Hrvatska","HR0","Kontinentalna Hrvatska","HR04","Brodsko-Posavska ","HR04A","Brodsko-Posavska ","HR04A","Garčin","HR04A_01180","5035","100.17","50.27"
"Hrvatska","HR0","Kontinentalna Hrvatska","HR04","Brodsko-Posavska ","HR04A","Brodsko-Posavska ","HR04A","Gornji Bogićevci","HR04A_01279","2122","51.09","41.54"
"Hrvatska","HR0","Kontinentalna Hrvatska","HR04","Brodsko-Posavska ","HR04A","Brodsko-Posavska ","HR04A","Gundinci","HR04A_01406","2268","67.72","33.49"
"Hrvatska","HR0","Kontinentalna Hrvatska","HR04","Brodsko-Posavska ","HR04A","Brodsko-Posavska ","HR04A","Klakar","HR04A_01856","2436","61.46","39.64"
"Hrvatska","HR0","Kontinentalna Hrvatska","HR04","Brodsko-Posavska ","HR04A","Brodsko-Posavska ","HR04A","Nova Gradiška","HR04A_02844","15970","57.71","276.72"
"Hrvatska","HR0","Kontinentalna Hrvatska","HR04","Brodsko-Posavska ","HR04A","Brodsko-Posavska ","HR04A","Nova Kapela","HR04A_02852","5303","147.67","35.91"
"Hrvatska","HR0","Kontinentalna Hrvatska","HR04","Brodsko-Posavska ","HR04A","Brodsko-Posavska ","HR04A","Okučani","HR04A_02992","4365","183.28","23.82"
"Hrvatska","HR0","Kontinentalna Hrvatska","HR04","Brodsko-Posavska ","HR04A","Brodsko-Posavska ","HR04A","Oprisavci","HR04A_03034","2275","68.45","33.24"
"Hrvatska","HR0","Kontinentalna Hrvatska","HR04","Brodsko-Posavska ","HR04A","Brodsko-Posavska ","HR04A","Oriovac","HR04A_03093","6344","106.13","59.78"
"Hrvatska","HR0","Kontinentalna Hrvatska","HR04","Brodsko-Posavska ","HR04A","Brodsko-Posavska ","HR04A","Podcrkavlje","HR04A_03387","3946","109.32","36.1"
"Hrvatska","HR0","Kontinentalna Hrvatska","HR04","Brodsko-Posavska ","HR04A","Brodsko-Posavska ","HR04A","Rešetari","HR04A_03727","4993","68.23","73.18"
"Hrvatska","HR0","Kontinentalna Hrvatska","HR04","Brodsko-Posavska ","HR04A","Brodsko-Posavska ","HR04A","Sibinj","HR04A_03883","7805","118.41","65.91"
"Hrvatska","HR0","Kontinentalna Hrvatska","HR04","Brodsko-Posavska ","HR04A","Brodsko-Posavska ","HR04A","Slavonski Brod","HR04A_03964","55136","62.29","885.19"
"Hrvatska","HR0","Kontinentalna Hrvatska","HR04","Brodsko-Posavska ","HR04A","Brodsko-Posavska ","HR04A","Slavonski Šamac","HR04A_03972","2284","25.58","89.29"
"Hrvatska","HR0","Kontinentalna Hrvatska","HR04","Brodsko-Posavska ","HR04A","Brodsko-Posavska ","HR04A","Stara Gradiška","HR04A_04120","1748","87.24","20.04"
"Hrvatska","HR0","Kontinentalna Hrvatska","HR04","Brodsko-Posavska ","HR04A","Brodsko-Posavska ","HR04A","Staro Petrovo Selo","HR04A_04189","5941","161.5","36.79"
"Hrvatska","HR0","Kontinentalna Hrvatska","HR04","Brodsko-Posavska ","HR04A","Brodsko-Posavska ","HR04A","Velika Kopanica","HR04A_04766","5875","84.48","69.54"
"Hrvatska","HR0","Kontinentalna Hrvatska","HR04","Brodsko-Posavska ","HR04A","Brodsko-Posavska ","HR04A","Vrbje","HR04A_05061","3170","88.49","35.82"
"Hrvatska","HR0","Kontinentalna Hrvatska","HR04","Brodsko-Posavska ","HR04A","Brodsko-Posavska ","HR04A","Vrpolje","HR04A_05142","4080","69.61","58.61"
"Hrvatska","HR0","Kontinentalna Hrvatska","HR04","Brodsko-Posavska ","HR04A","Brodsko-Posavska ","HR04A","Bukovlje","HR04A_05673","2744","35.77","76.71"
"Hrvatska","HR0","Kontinentalna Hrvatska","HR04","Brodsko-Posavska ","HR04A","Brodsko-Posavska ","HR04A","Dragalić","HR04A_05681","1309","67.92","19.27"
"Hrvatska","HR0","Kontinentalna Hrvatska","HR04","Brodsko-Posavska ","HR04A","Brodsko-Posavska ","HR04A","Gornja Vrba","HR04A_05690","2525","23.8","106.08"
"Hrvatska","HR0","Kontinentalna Hrvatska","HR04","Brodsko-Posavska ","HR04A","Brodsko-Posavska ","HR04A","Sikirevci","HR04A_05703","2712","33.38","81.26"
"Hrvatska","HR0","Kontinentalna Hrvatska","HR04","Osječko-Baranjska ","HR04B","Osječko-Baranjska ","HR04B","Antunovac","HR04B_00027","3400","65.79","51.68"
"Hrvatska","HR0","Kontinentalna Hrvatska","HR04","Osječko-Baranjska ","HR04B","Osječko-Baranjska ","HR04B","Beli Manastir","HR04B_00132","9617","73.76","130.39"
"Hrvatska","HR0","Kontinentalna Hrvatska","HR04","Osječko-Baranjska ","HR04B","Osječko-Baranjska ","HR04B","Belišće","HR04B_00167","12536","82.0","152.87"
"Hrvatska","HR0","Kontinentalna Hrvatska","HR04","Osječko-Baranjska ","HR04B","Osječko-Baranjska ","HR04B","Bilje","HR04B_00213","6348","300.26","21.14"
"Hrvatska","HR0","Kontinentalna Hrvatska","HR04","Osječko-Baranjska ","HR04B","Osječko-Baranjska ","HR04B","Bizovac","HR04B_00230","4953","116.74","42.43"
"Hrvatska","HR0","Kontinentalna Hrvatska","HR04","Osječko-Baranjska ","HR04B","Osječko-Baranjska ","HR04B","Čeminac","HR04B_00647","2940","71.5","41.12"
"Hrvatska","HR0","Kontinentalna Hrvatska","HR04","Osječko-Baranjska ","HR04B","Osječko-Baranjska ","HR04B","Čepin","HR04B_00655","13558","138.52","97.88"
"Hrvatska","HR0","Kontinentalna Hrvatska","HR04","Osječko-Baranjska ","HR04B","Osječko-Baranjska ","HR04B","Darda","HR04B_00663","8562","108.94","78.59"
"Hrvatska","HR0","Kontinentalna Hrvatska","HR04","Osječko-Baranjska ","HR04B","Osječko-Baranjska ","HR04B","Donji Miholjac","HR04B_00868","11095","154.69","71.72"
"Hrvatska","HR0","Kontinentalna Hrvatska","HR04","Osječko-Baranjska ","HR04B","Osječko-Baranjska ","HR04B","Draž","HR04B_00914","3670","172.66","21.26"
"Hrvatska","HR0","Kontinentalna Hrvatska","HR04","Osječko-Baranjska ","HR04B","Osječko-Baranjska ","HR04B","Drenje","HR04B_00949","3176","120.17","26.43"
"Hrvatska","HR0","Kontinentalna Hrvatska","HR04","Osječko-Baranjska ","HR04B","Osječko-Baranjska ","HR04B","Đakovo","HR04B_01031","28854","193.22","149.33"
"Hrvatska","HR0","Kontinentalna Hrvatska","HR04","Osječko-Baranjska ","HR04B","Osječko-Baranjska ","HR04B","Đurđenovac","HR04B_01066","8418","135.88","61.95"
"Hrvatska","HR0","Kontinentalna Hrvatska","HR04","Osječko-Baranjska ","HR04B","Osječko-Baranjska ","HR04B","Erdut","HR04B_01104","9569","181.56","52.7"
"Hrvatska","HR0","Kontinentalna Hrvatska","HR04","Osječko-Baranjska ","HR04B","Osječko-Baranjska ","HR04B","Ernestinovo","HR04B_01112","1814","36.91","49.15"
"Hrvatska","HR0","Kontinentalna Hrvatska","HR04","Osječko-Baranjska ","HR04B","Osječko-Baranjska ","HR04B","Feričanci","HR04B_01163","2361","50.75","46.52"
"Hrvatska","HR0","Kontinentalna Hrvatska","HR04","Osječko-Baranjska ","HR04B","Osječko-Baranjska ","HR04B","Gorjani","HR04B_01244","1739","58.03","29.97"
"Hrvatska","HR0","Kontinentalna Hrvatska","HR04","Osječko-Baranjska ","HR04B","Osječko-Baranjska ","HR04B","Kneževi Vinogradi","HR04B_01953","6512","288.56","22.57"
"Hrvatska","HR0","Kontinentalna Hrvatska","HR04","Osječko-Baranjska ","HR04B","Osječko-Baranjska ","HR04B","Koška","HR04B_02054","4452","140.97","31.58"
"Hrvatska","HR0","Kontinentalna Hrvatska","HR04","Osječko-Baranjska ","HR04B","Osječko-Baranjska ","HR04B","Levanjska Varoš","HR04B_02305","1313","142.23","9.23"
"Hrvatska","HR0","Kontinentalna Hrvatska","HR04","Osječko-Baranjska ","HR04B","Osječko-Baranjska ","HR04B","Marijanci","HR04B_02577","2788","75.51","36.92"
"Hrvatska","HR0","Kontinentalna Hrvatska","HR04","Osječko-Baranjska ","HR04B","Osječko-Baranjska ","HR04B","Podravska Moslavina","HR04B_02712","2245","52.21","43.0"
"Hrvatska","HR0","Kontinentalna Hrvatska","HR04","Osječko-Baranjska ","HR04B","Osječko-Baranjska ","HR04B","Našice","HR04B_02780","15929","235.25","67.71"
"Hrvatska","HR0","Kontinentalna Hrvatska","HR04","Osječko-Baranjska ","HR04B","Osječko-Baranjska ","HR04B","Osijek","HR04B_03123","105064","201.16","522.3"
"Hrvatska","HR0","Kontinentalna Hrvatska","HR04","Osječko-Baranjska ","HR04B","Osječko-Baranjska ","HR04B","Petlovac","HR04B_03255","3688","106.55","34.61"
"Hrvatska","HR0","Kontinentalna Hrvatska","HR04","Osječko-Baranjska ","HR04B","Osječko-Baranjska ","HR04B","Petrijevci","HR04B_03271","3006","64.38","46.69"
"Hrvatska","HR0","Kontinentalna Hrvatska","HR04","Osječko-Baranjska ","HR04B","Osječko-Baranjska ","HR04B","Podgorač","HR04B_03409","3666","151.83","24.15"
"Hrvatska","HR0","Kontinentalna Hrvatska","HR04","Osječko-Baranjska ","HR04B","Osječko-Baranjska ","HR04B","Popovac","HR04B_03468","2538","72.61","34.95"
"Hrvatska","HR0","Kontinentalna Hrvatska","HR04","Osječko-Baranjska ","HR04B","Osječko-Baranjska ","HR04B","Punitovci","HR04B_03611","1778","49.41","35.98"
"Hrvatska","HR0","Kontinentalna Hrvatska","HR04","Osječko-Baranjska ","HR04B","Osječko-Baranjska ","HR04B","Satnica Đakovačka","HR04B_03816","2267","90.31","25.1"
"Hrvatska","HR0","Kontinentalna Hrvatska","HR04","Osječko-Baranjska ","HR04B","Osječko-Baranjska ","HR04B","Semeljci","HR04B_03867","4593","115.6","39.73"
"Hrvatska","HR0","Kontinentalna Hrvatska","HR04","Osječko-Baranjska ","HR04B","Osječko-Baranjska ","HR04B","Strizivojna","HR04B_04219","2583","42.35","60.99"
"Hrvatska","HR0","Kontinentalna Hrvatska","HR04","Osječko-Baranjska ","HR04B","Osječko-Baranjska ","HR04B","Trnava","HR04B_04618","2037","93.67","21.75"
"Hrvatska","HR0","Kontinentalna Hrvatska","HR04","Osječko-Baranjska ","HR04B","Osječko-Baranjska ","HR04B","Valpovo","HR04B_04715","12059","160.64","75.07"
"Hrvatska","HR0","Kontinentalna Hrvatska","HR04","Osječko-Baranjska ","HR04B","Osječko-Baranjska ","HR04B","Viljevo","HR04B_04855","2489","128.32","19.4"
"Hrvatska","HR0","Kontinentalna Hrvatska","HR04","Osječko-Baranjska ","HR04B","Osječko-Baranjska ","HR04B","Viškovci","HR04B_04944","1930","49.58","38.92"
"Hrvatska","HR0","Kontinentalna Hrvatska","HR04","Osječko-Baranjska ","HR04B","Osječko-Baranjska ","HR04B","Vuka","HR04B_05177","1437","28.99","49.57"
"Hrvatska","HR0","Kontinentalna Hrvatska","HR04","Osječko-Baranjska ","HR04B","Osječko-Baranjska ","HR04B","Donja Motičina","HR04B_05762","1985","61.44","32.31"
"Hrvatska","HR0","Kontinentalna Hrvatska","HR04","Osječko-Baranjska ","HR04B","Osječko-Baranjska ","HR04B","Magadenovac","HR04B_05789","2344","130.01","18.03"
"Hrvatska","HR0","Kontinentalna Hrvatska","HR04","Osječko-Baranjska ","HR04B","Osječko-Baranjska ","HR04B","Vladislavci","HR04B_05797","2022","36.28","55.73"
"Hrvatska","HR0","Kontinentalna Hrvatska","HR04","Osječko-Baranjska ","HR04B","Osječko-Baranjska ","HR04B","Jagodnjak","HR04B_06092","3139","117.91","26.62"
"Hrvatska","HR0","Kontinentalna Hrvatska","HR04","Osječko-Baranjska ","HR04B","Osječko-Baranjska ","HR04B","Šodolovci","HR04B_06149","2102","84.41","24.9"
"Hrvatska","HR0","Kontinentalna Hrvatska","HR04","Vukovarsko-Srijemska ","HR04C","Vukovarsko-Srijemska ","HR04C","Andrijaševci","HR04C_00019","4202","45.52","92.31"
"Hrvatska","HR0","Kontinentalna Hrvatska","HR04","Vukovarsko-Srijemska ","HR04C","Vukovarsko-Srijemska ","HR04C","Babina Greda","HR04C_00035","4300","87.15","49.34"
"Hrvatska","HR0","Kontinentalna Hrvatska","HR04","Vukovarsko-Srijemska ","HR04C","Vukovarsko-Srijemska ","HR04C","Bogdanovci","HR04C_00264","2433","59.15","41.13"
"Hrvatska","HR0","Kontinentalna Hrvatska","HR04","Vukovarsko-Srijemska ","HR04C","Vukovarsko-Srijemska ","HR04C","Borovo","HR04C_00299","4379","32.69","133.97"
"Hrvatska","HR0","Kontinentalna Hrvatska","HR04","Vukovarsko-Srijemska ","HR04C","Vukovarsko-Srijemska ","HR04C","Bošnjaci","HR04C_00329","4545","109.33","41.57"
"Hrvatska","HR0","Kontinentalna Hrvatska","HR04","Vukovarsko-Srijemska ","HR04C","Vukovarsko-Srijemska ","HR04C","Cerna","HR04C_00442","4621","81.67","56.58"
"Hrvatska","HR0","Kontinentalna Hrvatska","HR04","Vukovarsko-Srijemska ","HR04C","Vukovarsko-Srijemska ","HR04C","Drenovci","HR04C_00922","7459","225.08","33.14"
"Hrvatska","HR0","Kontinentalna Hrvatska","HR04","Vukovarsko-Srijemska ","HR04C","Vukovarsko-Srijemska ","HR04C","Gradište","HR04C_01376","2570","64.28","39.98"
"Hrvatska","HR0","Kontinentalna Hrvatska","HR04","Vukovarsko-Srijemska ","HR04C","Vukovarsko-Srijemska ","HR04C","Gunja","HR04C_01414","4049","37.19","108.86"
"Hrvatska","HR0","Kontinentalna Hrvatska","HR04","Vukovarsko-Srijemska ","HR04C","Vukovarsko-Srijemska ","HR04C","Ilok","HR04C_01546","8910","147.81","60.28"
"Hrvatska","HR0","Kontinentalna Hrvatska","HR04","Vukovarsko-Srijemska ","HR04C","Vukovarsko-Srijemska ","HR04C","Ivankovo","HR04C_01597","8046","118.4","67.95"
"Hrvatska","HR0","Kontinentalna Hrvatska","HR04","Vukovarsko-Srijemska ","HR04C","Vukovarsko-Srijemska ","HR04C","Jarmina","HR04C_01660","2590","14.79","175.16"
"Hrvatska","HR0","Kontinentalna Hrvatska","HR04","Vukovarsko-Srijemska ","HR04C","Vukovarsko-Srijemska ","HR04C","Lovas","HR04C_02399","1531","48.44","31.6"
"Hrvatska","HR0","Kontinentalna Hrvatska","HR04","Vukovarsko-Srijemska ","HR04C","Vukovarsko-Srijemska ","HR04C","Nuštar","HR04C_02941","5082","49.37","102.94"
"Hrvatska","HR0","Kontinentalna Hrvatska","HR04","Vukovarsko-Srijemska ","HR04C","Vukovarsko-Srijemska ","HR04C","Nijemci","HR04C_02950","6142","255.04","24.08"
"Hrvatska","HR0","Kontinentalna Hrvatska","HR04","Vukovarsko-Srijemska ","HR04C","Vukovarsko-Srijemska ","HR04C","Stari Jankovci","HR04C_04146","4974","109.38","45.47"
"Hrvatska","HR0","Kontinentalna Hrvatska","HR04","Vukovarsko-Srijemska ","HR04C","Vukovarsko-Srijemska ","HR04C","Stari Mikanovci","HR04C_04154","3380","63.1","53.57"
"Hrvatska","HR0","Kontinentalna Hrvatska","HR04","Vukovarsko-Srijemska ","HR04C","Vukovarsko-Srijemska ","HR04C","Tompojevci","HR04C_04561","2039","83.94","24.29"
"Hrvatska","HR0","Kontinentalna Hrvatska","HR04","Vukovarsko-Srijemska ","HR04C","Vukovarsko-Srijemska ","HR04C","Tordinci","HR04C_04588","2088","58.59","35.64"
"Hrvatska","HR0","Kontinentalna Hrvatska","HR04","Vukovarsko-Srijemska ","HR04C","Vukovarsko-Srijemska ","HR04C","Tovarnik","HR04C_04596","3505","73.78","47.5"
"Hrvatska","HR0","Kontinentalna Hrvatska","HR04","Vukovarsko-Srijemska ","HR04C","Vukovarsko-Srijemska ","HR04C","Trpinja","HR04C_04642","6414","139.32","46.04"
"Hrvatska","HR0","Kontinentalna Hrvatska","HR04","Vukovarsko-Srijemska ","HR04C","Vukovarsko-Srijemska ","HR04C","Vinkovci","HR04C_04871","34274","107.45","318.98"
"Hrvatska","HR0","Kontinentalna Hrvatska","HR04","Vukovarsko-Srijemska ","HR04C","Vukovarsko-Srijemska ","HR04C","Vrbanja","HR04C_05053","5331","218.39","24.41"
"Hrvatska","HR0","Kontinentalna Hrvatska","HR04","Vukovarsko-Srijemska ","HR04C","Vukovarsko-Srijemska ","HR04C","Vukovar","HR04C_05185","32142","113.39","283.46"
"Hrvatska","HR0","Kontinentalna Hrvatska","HR04","Vukovarsko-Srijemska ","HR04C","Vukovarsko-Srijemska ","HR04C","Županja","HR04C_05347","10863","56.78","191.3"
"Hrvatska","HR0","Kontinentalna Hrvatska","HR04","Vukovarsko-Srijemska ","HR04C","Vukovarsko-Srijemska ","HR04C","Otok","HR04C_05355","8210","157.0","52.29"
"Hrvatska","HR0","Kontinentalna Hrvatska","HR04","Vukovarsko-Srijemska ","HR04C","Vukovarsko-Srijemska ","HR04C","Privlaka","HR04C_05835","3703","60.7","61.0"
"Hrvatska","HR0","Kontinentalna Hrvatska","HR04","Vukovarsko-Srijemska ","HR04C","Vukovarsko-Srijemska ","HR04C","Vođinci","HR04C_05843","2275","24.68","92.18"
"Hrvatska","HR0","Kontinentalna Hrvatska","HR04","Vukovarsko-Srijemska ","HR04C","Vukovarsko-Srijemska ","HR04C","Markušica","HR04C_06106","3024","84.91","35.61"
"Hrvatska","HR0","Kontinentalna Hrvatska","HR04","Vukovarsko-Srijemska ","HR04C","Vukovarsko-Srijemska ","HR04C","Negoslavci","HR04C_06122","1039","24.84","41.82"
"Hrvatska","HR0","Kontinentalna Hrvatska","HR04","Vukovarsko-Srijemska ","HR04C","Vukovarsko-Srijemska ","HR04C","Štitar","HR04C_06289","5496","48.78","112.66"
"Hrvatska","HR0","Kontinentalna Hrvatska","HR04","Karlovačka ","HR04D","Karlovačka ","HR04D","Barilović","HR04D_00078","3116","201.8","15.44"
"Hrvatska","HR0","Kontinentalna Hrvatska","HR04","Karlovačka ","HR04D","Karlovačka ","HR04D","Bosiljevo","HR04D_00302","1480","127.2","11.64"
"Hrvatska","HR0","Kontinentalna Hrvatska","HR04","Karlovačka ","HR04D","Karlovačka ","HR04D","Cetingrad","HR04D_00493","2849","157.04","18.14"
"Hrvatska","HR0","Kontinentalna Hrvatska","HR04","Karlovačka ","HR04D","Karlovačka ","HR04D","Draganić","HR04D_00906","2647","83.69","31.63"
"Hrvatska","HR0","Kontinentalna Hrvatska","HR04","Karlovačka ","HR04D","Karlovačka ","HR04D","Duga Resa","HR04D_00990","12054","69.91","172.41"
"Hrvatska","HR0","Kontinentalna Hrvatska","HR04","Karlovačka ","HR04D","Karlovačka ","HR04D","Generalski Stol","HR04D_01201","3059","115.44","26.5"
"Hrvatska","HR0","Kontinentalna Hrvatska","HR04","Karlovačka ","HR04D","Karlovačka ","HR04D","Josipdol","HR04D_01724","4134","187.91","22.0"
"Hrvatska","HR0","Kontinentalna Hrvatska","HR04","Karlovačka ","HR04D","Karlovačka ","HR04D","Karlovac","HR04D_01791","58803","462.04","127.27"
"Hrvatska","HR0","Kontinentalna Hrvatska","HR04","Karlovačka ","HR04D","Karlovačka ","HR04D","Krnjak","HR04D_02160","2323","127.79","18.18"
"Hrvatska","HR0","Kontinentalna Hrvatska","HR04","Karlovačka ","HR04D","Karlovačka ","HR04D","Lasinja","HR04D_02259","1919","94.71","20.26"
"Hrvatska","HR0","Kontinentalna Hrvatska","HR04","Karlovačka ","HR04D","Karlovačka ","HR04D","Netretić","HR04D_02810","3450","134.68","25.62"
"Hrvatska","HR0","Kontinentalna Hrvatska","HR04","Karlovačka ","HR04D","Karlovačka ","HR04D","Ogulin","HR04D_02976","16503","615.85","26.8"
"Hrvatska","HR0","Kontinentalna Hrvatska","HR04","Karlovačka ","HR04D","Karlovačka ","HR04D","Ozalj","HR04D_03158","7841","201.09","38.99"
"Hrvatska","HR0","Kontinentalna Hrvatska","HR04","Karlovačka ","HR04D","Karlovačka ","HR04D","Plaški","HR04D_03336","2343","179.22","13.07"
"Hrvatska","HR0","Kontinentalna Hrvatska","HR04","Karlovačka ","HR04D","Karlovačka ","HR04D","Rakovica","HR04D_03654","3278","294.47","11.13"
"Hrvatska","HR0","Kontinentalna Hrvatska","HR04","Karlovačka ","HR04D","Karlovačka ","HR04D","Saborsko","HR04D_03786","904","152.52","5.93"
"Hrvatska","HR0","Kontinentalna Hrvatska","HR04","Karlovačka ","HR04D","Karlovačka ","HR04D","Slunj","HR04D_04006","6672","451.43","14.78"
"Hrvatska","HR0","Kontinentalna Hrvatska","HR04","Karlovačka ","HR04D","Karlovačka ","HR04D","Vojnić","HR04D_05037","5352","273.73","19.55"
"Hrvatska","HR0","Kontinentalna Hrvatska","HR04","Karlovačka ","HR04D","Karlovačka ","HR04D","Žakanje","HR04D_05304","2146","51.14","41.97"
"Hrvatska","HR0","Kontinentalna Hrvatska","HR04","Karlovačka ","HR04D","Karlovačka ","HR04D","Ribnik","HR04D_05568","560","45.91","12.2"
"Hrvatska","HR0","Kontinentalna Hrvatska","HR04","Karlovačka ","HR04D","Karlovačka ","HR04D","Tounj","HR04D_05576","1567","110.56","14.17"
"Hrvatska","HR0","Kontinentalna Hrvatska","HR04","Karlovačka ","HR04D","Karlovačka ","HR04D","Kamanje","HR04D_06238","917","18.24","50.27"
"Hrvatska","HR0","Jadranska Hrvatska","HR03","Sisačko-Moslavačka ","HR04E","Sisačko-Moslavačka ","HR04E","Donji Kukuruzari","HR04E_00833","2014","130.63","15.42"
"Hrvatska","HR0","Jadranska Hrvatska","HR03","Sisačko-Moslavačka ","HR04E","Sisačko-Moslavačka ","HR04E","Dvor","HR04E_01023","14518","578.28","25.11"
"Hrvatska","HR0","Jadranska Hrvatska","HR03","Sisačko-Moslavačka ","HR04E","Sisačko-Moslavačka ","HR04E","Glina","HR04E_01210","10033","622.78","16.11"
"Hrvatska","HR0","Jadranska Hrvatska","HR03","Sisačko-Moslavačka ","HR04E","Sisačko-Moslavačka ","HR04E","Hrvatska Dubica","HR04E_01490","2432","148.24","16.41"
"Hrvatska","HR0","Jadranska Hrvatska","HR03","Sisačko-Moslavačka ","HR04E","Sisačko-Moslavačka ","HR04E","Hrvatska Kostajnica","HR04E_01503","2716","60.92","44.58"
"Hrvatska","HR0","Jadranska Hrvatska","HR03","Sisačko-Moslavačka ","HR04E","Sisačko-Moslavačka ","HR04E","Jasenovac","HR04E_01686","3734","186.09","20.07"
"Hrvatska","HR0","Jadranska Hrvatska","HR03","Sisačko-Moslavačka ","HR04E","Sisačko-Moslavačka ","HR04E","Kutina","HR04E_02208","23455","342.29","68.52"
"Hrvatska","HR0","Jadranska Hrvatska","HR03","Sisačko-Moslavačka ","HR04E","Sisačko-Moslavačka ","HR04E","Lekenik","HR04E_02283","9907","263.49","37.6"
"Hrvatska","HR0","Jadranska Hrvatska","HR03","Sisačko-Moslavačka ","HR04E","Sisačko-Moslavačka ","HR04E","Lipovljani","HR04E_02321","4292","122.86","34.93"
"Hrvatska","HR0","Jadranska Hrvatska","HR03","Sisačko-Moslavačka ","HR04E","Sisačko-Moslavačka ","HR04E","Martinska Ves","HR04E_02593","4605","143.57","32.08"
"Hrvatska","HR0","Jadranska Hrvatska","HR03","Sisačko-Moslavačka ","HR04E","Sisačko-Moslavačka ","HR04E","Novska","HR04E_02933","14172","366.28","38.69"
"Hrvatska","HR0","Jadranska Hrvatska","HR03","Sisačko-Moslavačka ","HR04E","Sisačko-Moslavačka ","HR04E","Petrinja","HR04E_03280","25558","437.26","58.45"
"Hrvatska","HR0","Jadranska Hrvatska","HR03","Sisačko-Moslavačka ","HR04E","Sisačko-Moslavačka ","HR04E","Popovača","HR04E_03476","12942","248.04","52.18"
"Hrvatska","HR0","Jadranska Hrvatska","HR03","Sisačko-Moslavačka ","HR04E","Sisačko-Moslavačka ","HR04E","Sisak","HR04E_03913","51846","484.58","106.99"
"Hrvatska","HR0","Jadranska Hrvatska","HR03","Sisačko-Moslavačka ","HR04E","Sisačko-Moslavačka ","HR04E","Sunja","HR04E_04260","8636","332.92","25.94"
"Hrvatska","HR0","Jadranska Hrvatska","HR03","Sisačko-Moslavačka ","HR04E","Sisačko-Moslavačka ","HR04E","Topusko","HR04E_04570","3285","223.18","14.72"
"Hrvatska","HR0","Jadranska Hrvatska","HR03","Sisačko-Moslavačka ","HR04E","Sisačko-Moslavačka ","HR04E","Velika Ludina","HR04E_04774","3644","115.16","31.64"
"Hrvatska","HR0","Jadranska Hrvatska","HR03","Sisačko-Moslavačka ","HR04E","Sisačko-Moslavačka ","HR04E","Gvozd","HR04E_05100","4361","247.37","17.63"
"Hrvatska","HR0","Jadranska Hrvatska","HR03","Sisačko-Moslavačka ","HR04E","Sisačko-Moslavačka ","HR04E","Majur","HR04E_05550","1452","77.57","18.72"
